customer,frequency,recency,monetary_value,R_Quartile,F_Quartile,M_Quartile,RFMClass,Customer_Segment,Email_Frequency,Email_Type
Aaron Bergman,3,415,887,4,4,4,444,Churn Candidates,Monthly,High-impact reactivation emails
Aaron Hawkins,7,12,1744,1,2,3,123,Bulk Shoppers,Bi-weekly,Bulk purchase deals
Aaron Smayling,7,88,3050,3,2,2,322,Active Loyals,Weekly,Personalized updates and loyalty rewards
Adam Bellavance,8,54,7756,2,2,1,221,Active Loyals,Weekly,Personalized updates and loyalty rewards
Adam Hart,10,34,3249,2,1,2,212,Active Loyals,Weekly,Personalized updates and loyalty rewards
Adam Shillingsburg,9,28,3256,1,1,2,112,Active Loyals,Weekly,Personalized updates and loyalty rewards
Adrian Barton,10,41,14474,2,1,1,211,Active Loyals,Weekly,Personalized updates and loyalty rewards
Adrian Hane,7,60,1734,2,2,3,223,Bulk Shoppers,Bi-weekly,Bulk purchase deals
Adrian Shami,2,41,59,2,4,4,244,Discount Seekers,Weekly,Discount offers
Aimee Bixby,5,41,968,2,4,4,244,Discount Seekers,Weekly,Discount offers
Alan Barnes,8,25,1114,1,2,4,124,Bulk Shoppers,Bi-weekly,Bulk purchase deals
Alan Dominguez,8,29,6107,1,2,1,121,Active Loyals,Weekly,Personalized updates and loyalty rewards
Alan Haines,4,55,1587,2,4,3,243,Discount Seekers,Weekly,Discount offers
Alan Hwang,9,6,4806,1,1,1,111,Active Loyals,Weekly,Personalized updates and loyalty rewards
Alan Schoenberger,5,22,4261,1,4,1,141,Discount Seekers,Weekly,Discount offers
Alan Shonely,7,192,585,4,2,4,424,Loyals at Risk,Bi-weekly,Re-engagement campaigns
Alejandro Ballentine,9,166,914,3,1,4,314,Loyals at Risk,Bi-weekly,Re-engagement campaigns
Alejandro Grove,5,278,2584,4,4,2,442,Churn Candidates,Monthly,High-impact reactivation emails
Alejandro Savely,6,19,3214,1,3,2,132,Discount Seekers,Weekly,Discount offers
Aleksandra Gannaway,4,118,368,3,4,4,344,Churn Candidates,Monthly,High-impact reactivation emails
Alex Avila,5,184,5564,4,4,1,441,Churn Candidates,Monthly,High-impact reactivation emails
Alex Grayson,5,8,662,1,4,4,144,Discount Seekers,Weekly,Discount offers
Alex Russell,4,111,1056,3,4,4,344,Churn Candidates,Monthly,High-impact reactivation emails
Alice McCarthy,5,28,814,1,4,4,144,Discount Seekers,Weekly,Discount offers
Allen Armold,9,19,1057,1,1,4,114,Bulk Shoppers,Bi-weekly,Bulk purchase deals
Allen Goldenen,5,114,201,3,4,4,344,Churn Candidates,Monthly,High-impact reactivation emails
Allen Rosenblatt,5,125,2236,3,4,3,343,Churn Candidates,Monthly,High-impact reactivation emails
Alyssa Crouse,3,232,926,4,4,4,444,Churn Candidates,Monthly,High-impact reactivation emails
Alyssa Tate,6,21,1171,1,3,3,133,Discount Seekers,Weekly,Discount offers
Amy Cox,7,11,5528,1,2,1,121,Active Loyals,Weekly,Personalized updates and loyalty rewards
Amy Hunt,5,230,2496,4,4,2,442,Churn Candidates,Monthly,High-impact reactivation emails
Andrew Allen,4,259,1791,4,4,3,443,Churn Candidates,Monthly,High-impact reactivation emails
Andrew Gjertsen,8,78,2356,3,2,2,322,Bulk Shoppers,Bi-weekly,Bulk purchase deals
Andrew Roberts,5,14,265,1,4,4,144,Discount Seekers,Weekly,Discount offers
Andy Gerbode,4,845,1456,4,4,3,443,Churn Candidates,Monthly,High-impact reactivation emails
Andy Reiter,6,6,6609,1,3,1,131,Discount Seekers,Weekly,Discount offers
Andy Yotov,4,14,497,1,4,4,144,Discount Seekers,Weekly,Discount offers
Anemone Ratner,1,534,88,4,4,4,444,Churn Candidates,Monthly,High-impact reactivation emails
Angele Hood,4,21,738,1,4,4,144,Discount Seekers,Weekly,Discount offers
Ann Blume,4,50,1515,2,4,3,243,Discount Seekers,Weekly,Discount offers
Ann Chong,5,6,2538,1,4,2,142,Discount Seekers,Weekly,Discount offers
Ann Steele,7,92,833,3,2,4,324,Bulk Shoppers,Bi-weekly,Bulk purchase deals
Anna Andreadi,6,55,5087,2,3,1,231,Discount Seekers,Weekly,Discount offers
Anna Chung,5,282,658,4,4,4,444,Churn Candidates,Monthly,High-impact reactivation emails
Anna Gayman,7,97,3488,3,2,2,322,Active Loyals,Weekly,Personalized updates and loyalty rewards
Anna Hberlin,12,410,7888,4,1,1,411,Big Spenders,Weekly,Premium offers and exclusive deals
Anne McFarland,8,162,5664,3,2,1,321,Big Spenders,Weekly,Premium offers and exclusive deals
Anne Pryor,8,41,1638,2,2,3,223,Bulk Shoppers,Bi-weekly,Bulk purchase deals
Annie Thurman,10,13,3831,1,1,1,111,Active Loyals,Weekly,Personalized updates and loyalty rewards
Annie Zypern,6,160,1623,3,3,3,333,Churn Candidates,Monthly,High-impact reactivation emails
Anthony Garverick,4,77,171,3,4,4,344,Discount Seekers,Weekly,Discount offers
Anthony Jacobs,7,75,4868,2,2,1,221,Active Loyals,Weekly,Personalized updates and loyalty rewards
Anthony Johnson,7,166,4502,3,2,1,321,Big Spenders,Weekly,Premium offers and exclusive deals
Anthony O'Donnell,1,501,161,4,4,4,444,Churn Candidates,Monthly,High-impact reactivation emails
Anthony Rawles,8,58,4523,2,2,1,221,Active Loyals,Weekly,Personalized updates and loyalty rewards
Anthony Witt,4,20,649,1,4,4,144,Discount Seekers,Weekly,Discount offers
Arianne Irving,10,13,4376,1,1,1,111,Active Loyals,Weekly,Personalized updates and loyalty rewards
Art Ferguson,7,41,2052,2,2,3,223,Bulk Shoppers,Bi-weekly,Bulk purchase deals
Art Foster,4,415,862,4,4,4,444,Churn Candidates,Monthly,High-impact reactivation emails
Arthur Gainer,10,96,4511,3,1,1,311,Active Loyals,Weekly,Personalized updates and loyalty rewards
Arthur Prichep,10,98,3324,3,1,2,312,Active Loyals,Weekly,Personalized updates and loyalty rewards
Arthur Wiediger,7,46,2853,2,2,2,222,Bulk Shoppers,Bi-weekly,Bulk purchase deals
Ashley Jarboe,7,85,1838,3,2,3,323,Bulk Shoppers,Bi-weekly,Bulk purchase deals
Astrea Jones,3,74,629,2,4,4,244,Discount Seekers,Weekly,Discount offers
Barbara Fisher,7,91,600,3,2,4,324,Bulk Shoppers,Bi-weekly,Bulk purchase deals
Barry Blumstein,5,105,744,3,4,4,344,Churn Candidates,Monthly,High-impact reactivation emails
Barry Franz,4,39,1334,2,4,3,243,Discount Seekers,Weekly,Discount offers
Barry Franzsisch,8,74,2889,2,2,2,222,Bulk Shoppers,Bi-weekly,Bulk purchase deals
Barry Gonzalez,8,28,2799,1,2,2,122,Bulk Shoppers,Bi-weekly,Bulk purchase deals
Barry Pond,5,83,983,3,4,4,344,Discount Seekers,Weekly,Discount offers
Barry Weirich,3,212,386,4,4,4,444,Churn Candidates,Monthly,High-impact reactivation emails
Bart Folk,3,25,274,1,4,4,144,Discount Seekers,Weekly,Discount offers
Bart Pistole,12,17,2441,1,1,2,112,Bulk Shoppers,Bi-weekly,Bulk purchase deals
Bart Watters,8,121,4751,3,2,1,321,Big Spenders,Weekly,Premium offers and exclusive deals
Becky Castell,9,202,2934,4,1,2,412,Loyals at Risk,Bi-weekly,Re-engagement campaigns
Becky Martin,4,307,11790,4,4,1,441,Churn Candidates,Monthly,High-impact reactivation emails
Becky Pak,6,89,1698,3,3,3,333,Discount Seekers,Weekly,Discount offers
Ben Ferrer,11,16,5907,1,1,1,111,Active Loyals,Weekly,Personalized updates and loyalty rewards
Ben Peterman,9,1,3675,1,1,2,112,Active Loyals,Weekly,Personalized updates and loyalty rewards
Ben Wallace,6,203,1739,4,3,3,433,Churn Candidates,Monthly,High-impact reactivation emails
Benjamin Farhat,4,65,1586,2,4,3,243,Discount Seekers,Weekly,Discount offers
Benjamin Patterson,5,39,1182,2,4,3,243,Discount Seekers,Weekly,Discount offers
Benjamin Venier,5,334,1522,4,4,3,443,Churn Candidates,Monthly,High-impact reactivation emails
Berenike Kampe,6,77,660,3,3,4,334,Discount Seekers,Weekly,Discount offers
Beth Fritzler,3,57,792,2,4,4,244,Discount Seekers,Weekly,Discount offers
Beth Paige,7,12,2474,1,2,2,122,Bulk Shoppers,Bi-weekly,Bulk purchase deals
Beth Thompson,5,336,2568,4,4,2,442,Churn Candidates,Monthly,High-impact reactivation emails
Bill Donatelli,12,33,5719,2,1,1,211,Active Loyals,Weekly,Personalized updates and loyalty rewards
Bill Eplett,5,119,4205,3,4,1,341,Churn Candidates,Monthly,High-impact reactivation emails
Bill Overfelt,5,137,2684,3,4,2,342,Churn Candidates,Monthly,High-impact reactivation emails
Bill Shonely,5,558,10502,4,4,1,441,Churn Candidates,Monthly,High-impact reactivation emails
Bill Stewart,5,28,3888,1,4,1,141,Discount Seekers,Weekly,Discount offers
Bill Tyler,6,302,2187,4,3,3,433,Churn Candidates,Monthly,High-impact reactivation emails
Bobby Elias,5,98,2262,3,4,2,342,Discount Seekers,Weekly,Discount offers
Bobby Odegard,2,75,131,2,4,4,244,Discount Seekers,Weekly,Discount offers
Bobby Trafton,4,560,604,4,4,4,444,Churn Candidates,Monthly,High-impact reactivation emails
Brad Eason,6,254,1727,4,3,3,433,Churn Candidates,Monthly,High-impact reactivation emails
Brad Norvell,4,24,266,1,4,4,144,Discount Seekers,Weekly,Discount offers
Brad Thomas,2,659,415,4,4,4,444,Churn Candidates,Monthly,High-impact reactivation emails
Bradley Drucker,6,35,4411,2,3,1,231,Discount Seekers,Weekly,Discount offers
Bradley Nguyen,5,9,1460,1,4,3,143,Discount Seekers,Weekly,Discount offers
Bradley Talbott,5,91,2685,3,4,2,342,Discount Seekers,Weekly,Discount offers
Brenda Bowman,9,28,6766,1,1,1,111,Active Loyals,Weekly,Personalized updates and loyalty rewards
Brendan Dodson,2,278,321,4,4,4,444,Churn Candidates,Monthly,High-impact reactivation emails
Brendan Murry,6,100,809,3,3,4,334,Discount Seekers,Weekly,Discount offers
Brendan Sweed,6,35,2454,2,3,2,232,Discount Seekers,Weekly,Discount offers
Brian Dahlen,7,97,3289,3,2,2,322,Active Loyals,Weekly,Personalized updates and loyalty rewards
Brian DeCherney,6,69,1539,2,3,3,233,Discount Seekers,Weekly,Discount offers
Brian Derr,3,9,583,1,4,4,144,Discount Seekers,Weekly,Discount offers
Brian Moss,11,33,7295,2,1,1,211,Active Loyals,Weekly,Personalized updates and loyalty rewards
Brian Stugart,3,582,3288,4,4,2,442,Churn Candidates,Monthly,High-impact reactivation emails
Brian Thompson,7,20,3196,1,2,2,122,Active Loyals,Weekly,Personalized updates and loyalty rewards
Brooke Gillingham,6,36,1873,2,3,3,233,Discount Seekers,Weekly,Discount offers
Brosina Hoffman,8,23,6255,1,2,1,121,Active Loyals,Weekly,Personalized updates and loyalty rewards
Bruce Degenhardt,6,93,1527,3,3,3,333,Discount Seekers,Weekly,Discount offers
Bruce Geld,6,57,1006,2,3,4,234,Discount Seekers,Weekly,Discount offers
Bruce Stewart,7,1,2563,1,2,2,122,Bulk Shoppers,Bi-weekly,Bulk purchase deals
Bryan Davis,6,327,658,4,3,4,434,Churn Candidates,Monthly,High-impact reactivation emails
Bryan Mills,10,218,1339,4,1,3,413,Loyals at Risk,Bi-weekly,Re-engagement campaigns
Bryan Spruell,2,265,950,4,4,4,444,Churn Candidates,Monthly,High-impact reactivation emails
Candace McMahon,6,131,1674,3,3,3,333,Churn Candidates,Monthly,High-impact reactivation emails
Cari Sayre,5,91,1279,3,4,3,343,Discount Seekers,Weekly,Discount offers
Cari Schnelling,6,162,537,3,3,4,334,Churn Candidates,Monthly,High-impact reactivation emails
Carl Jackson,1,365,17,4,4,4,444,Churn Candidates,Monthly,High-impact reactivation emails
Carl Ludwig,4,106,1263,3,4,3,343,Churn Candidates,Monthly,High-impact reactivation emails
Carl Weiss,6,22,1138,1,3,4,134,Discount Seekers,Weekly,Discount offers
Carlos Daly,5,40,2035,2,4,3,243,Discount Seekers,Weekly,Discount offers
Carlos Meador,2,708,565,4,4,4,444,Churn Candidates,Monthly,High-impact reactivation emails
Carlos Soltero,11,25,3038,1,1,2,112,Active Loyals,Weekly,Personalized updates and loyalty rewards
Carol Adams,6,96,3790,3,3,1,331,Discount Seekers,Weekly,Discount offers
Carol Darley,3,54,640,2,4,4,244,Discount Seekers,Weekly,Discount offers
Carol Triggs,8,96,3242,3,2,2,322,Active Loyals,Weekly,Personalized updates and loyalty rewards
Caroline Jumper,8,189,11166,4,2,1,421,Big Spenders,Weekly,Premium offers and exclusive deals
Cassandra Brandow,10,47,6076,2,1,1,211,Active Loyals,Weekly,Personalized updates and loyalty rewards
Catherine Glotzbach,6,49,905,2,3,4,234,Discount Seekers,Weekly,Discount offers
Cathy Armstrong,5,401,1680,4,4,3,443,Churn Candidates,Monthly,High-impact reactivation emails
Cathy Hwang,3,691,1537,4,4,3,443,Churn Candidates,Monthly,High-impact reactivation emails
Cathy Prescott,8,82,5402,3,2,1,321,Active Loyals,Weekly,Personalized updates and loyalty rewards
Chad Cunningham,6,457,1771,4,3,3,433,Churn Candidates,Monthly,High-impact reactivation emails
Chad McGuire,4,8,1662,1,4,3,143,Discount Seekers,Weekly,Discount offers
Chad Sievert,4,489,885,4,4,4,444,Churn Candidates,Monthly,High-impact reactivation emails
Charles Crestani,7,106,2472,3,2,2,322,Loyals at Risk,Bi-weekly,Re-engagement campaigns
Charles McCrossin,6,26,2533,1,3,2,132,Discount Seekers,Weekly,Discount offers
Charles Sheldon,5,232,844,4,4,4,444,Churn Candidates,Monthly,High-impact reactivation emails
Charlotte Melton,6,8,1475,1,3,3,133,Discount Seekers,Weekly,Discount offers
Chloris Kastensmidt,13,39,3157,2,1,2,212,Active Loyals,Weekly,Personalized updates and loyalty rewards
Chris Cortes,12,20,3913,1,1,1,111,Active Loyals,Weekly,Personalized updates and loyalty rewards
Chris McAfee,5,385,2307,4,4,2,442,Churn Candidates,Monthly,High-impact reactivation emails
Chris Selesnick,12,26,2754,1,1,2,112,Bulk Shoppers,Bi-weekly,Bulk purchase deals
Christina Anderson,9,56,2648,2,1,2,212,Bulk Shoppers,Bi-weekly,Bulk purchase deals
Christina DeMoss,2,42,1206,2,4,3,243,Discount Seekers,Weekly,Discount offers
Christina VanderZanden,5,254,2830,4,4,2,442,Churn Candidates,Monthly,High-impact reactivation emails
Christine Abelman,4,13,1422,1,4,3,143,Discount Seekers,Weekly,Discount offers
Christine Kargatis,5,120,2946,3,4,2,342,Churn Candidates,Monthly,High-impact reactivation emails
Christine Phan,8,160,5889,3,2,1,321,Big Spenders,Weekly,Premium offers and exclusive deals
Christine Sundaresam,11,6,3202,1,1,2,112,Active Loyals,Weekly,Personalized updates and loyalty rewards
Christopher Conant,5,43,12129,2,4,1,241,Richie Riches,Monthly,Exclusive high-end promotions
Christopher Martinez,4,37,8953,2,4,1,241,Discount Seekers,Weekly,Discount offers
Christopher Schild,9,2,3651,1,1,2,112,Active Loyals,Weekly,Personalized updates and loyalty rewards
Christy Brittain,8,26,1950,1,2,3,123,Bulk Shoppers,Bi-weekly,Bulk purchase deals
Chuck Clark,10,0,2870,1,1,2,112,Bulk Shoppers,Bi-weekly,Bulk purchase deals
Chuck Magee,3,436,288,4,4,4,444,Churn Candidates,Monthly,High-impact reactivation emails
Chuck Sachs,2,27,551,1,4,4,144,Discount Seekers,Weekly,Discount offers
Cindy Chapman,9,39,1660,2,1,3,213,Bulk Shoppers,Bi-weekly,Bulk purchase deals
Cindy Schnelling,4,424,1077,4,4,4,444,Churn Candidates,Monthly,High-impact reactivation emails
Cindy Stewart,6,58,5691,2,3,1,231,Discount Seekers,Weekly,Discount offers
Claire Gute,3,338,1149,4,4,3,443,Churn Candidates,Monthly,High-impact reactivation emails
Claudia Bergmann,8,197,4246,4,2,1,421,Big Spenders,Weekly,Premium offers and exclusive deals
Clay Cheatham,3,27,113,1,4,4,144,Discount Seekers,Weekly,Discount offers
Clay Ludtke,12,284,10879,4,1,1,411,Big Spenders,Weekly,Premium offers and exclusive deals
Clay Rozendal,4,57,2149,2,4,3,243,Discount Seekers,Weekly,Discount offers
Clytie Kelty,11,43,2373,2,1,2,212,Bulk Shoppers,Bi-weekly,Bulk purchase deals
Corey Catlett,7,34,2541,2,2,2,222,Bulk Shoppers,Bi-weekly,Bulk purchase deals
Corey Roper,3,470,476,4,4,4,444,Churn Candidates,Monthly,High-impact reactivation emails
Corey-Lock,5,549,1300,4,4,3,443,Churn Candidates,Monthly,High-impact reactivation emails
Corinna Mitchell,6,27,6339,1,3,1,131,Discount Seekers,Weekly,Discount offers
Craig Carreira,7,29,2270,1,2,2,122,Bulk Shoppers,Bi-weekly,Bulk purchase deals
Craig Carroll,4,799,2854,4,4,2,442,Churn Candidates,Monthly,High-impact reactivation emails
Craig Leslie,5,105,2353,3,4,2,342,Churn Candidates,Monthly,High-impact reactivation emails
Craig Molinari,4,1035,3985,4,4,1,441,Churn Candidates,Monthly,High-impact reactivation emails
Craig Reiter,4,78,1600,3,4,3,343,Discount Seekers,Weekly,Discount offers
Craig Yedwab,8,60,2900,2,2,2,222,Bulk Shoppers,Bi-weekly,Bulk purchase deals
Cyma Kinney,9,82,1581,3,1,3,313,Bulk Shoppers,Bi-weekly,Bulk purchase deals
Cynthia Arntzen,7,120,3041,3,2,2,322,Big Spenders,Weekly,Premium offers and exclusive deals
Cynthia Delaney,5,399,1859,4,4,3,443,Churn Candidates,Monthly,High-impact reactivation emails
Cynthia Voltz,9,5,2370,1,1,2,112,Bulk Shoppers,Bi-weekly,Bulk purchase deals
Cyra Reiten,3,85,1398,3,4,3,343,Discount Seekers,Weekly,Discount offers
Damala Kotsonis,12,21,3256,1,1,2,112,Active Loyals,Weekly,Personalized updates and loyalty rewards
Dan Campbell,9,37,3335,2,1,2,212,Active Loyals,Weekly,Personalized updates and loyalty rewards
Dan Lawera,8,100,1503,3,2,3,323,Bulk Shoppers,Bi-weekly,Bulk purchase deals
Dan Reichenbach,9,3,6528,1,1,1,111,Active Loyals,Weekly,Personalized updates and loyalty rewards
Dana Kaydos,5,45,4282,2,4,1,241,Discount Seekers,Weekly,Discount offers
Daniel Byrd,8,21,2172,1,2,3,123,Bulk Shoppers,Bi-weekly,Bulk purchase deals
Daniel Lacy,6,57,3273,2,3,2,232,Discount Seekers,Weekly,Discount offers
Daniel Raglin,8,50,8351,2,2,1,221,Active Loyals,Weekly,Personalized updates and loyalty rewards
Dario Medina,7,114,1322,3,2,3,323,Loyals at Risk,Bi-weekly,Re-engagement campaigns
Darren Budd,5,241,2840,4,4,2,442,Churn Candidates,Monthly,High-impact reactivation emails
Darren Koutras,5,7,1687,1,4,3,143,Discount Seekers,Weekly,Discount offers
Darren Powers,9,126,1052,3,1,4,314,Loyals at Risk,Bi-weekly,Re-engagement campaigns
Darrin Martin,7,57,6346,2,2,1,221,Active Loyals,Weekly,Personalized updates and loyalty rewards
Darrin Sayre,4,93,1762,3,4,3,343,Discount Seekers,Weekly,Discount offers
Darrin Van Huff,5,19,1121,1,4,4,144,Discount Seekers,Weekly,Discount offers
Dave Brooks,7,16,4532,1,2,1,121,Active Loyals,Weekly,Personalized updates and loyalty rewards
Dave Hallsten,6,277,4934,4,3,1,431,Churn Candidates,Monthly,High-impact reactivation emails
Dave Kipp,7,42,2652,2,2,2,222,Bulk Shoppers,Bi-weekly,Bulk purchase deals
Dave Poirier,8,6,2215,1,2,3,123,Bulk Shoppers,Bi-weekly,Bulk purchase deals
David Bremer,7,48,2974,2,2,2,222,Bulk Shoppers,Bi-weekly,Bulk purchase deals
David Flashing,3,700,2391,4,4,2,442,Churn Candidates,Monthly,High-impact reactivation emails
David Kendrick,2,10,798,1,4,4,144,Discount Seekers,Weekly,Discount offers
David Philippe,2,812,1059,4,4,4,444,Churn Candidates,Monthly,High-impact reactivation emails
David Smith,9,23,2881,1,1,2,112,Bulk Shoppers,Bi-weekly,Bulk purchase deals
David Wiener,6,69,1080,2,3,4,234,Discount Seekers,Weekly,Discount offers
Dean Braden,10,9,2333,1,1,2,112,Bulk Shoppers,Bi-weekly,Bulk purchase deals
Dean Katz,9,10,4801,1,1,1,111,Active Loyals,Weekly,Personalized updates and loyalty rewards
Dean percer,11,84,7199,3,1,1,311,Active Loyals,Weekly,Personalized updates and loyalty rewards
Deanra Eno,5,719,2550,4,4,2,442,Churn Candidates,Monthly,High-impact reactivation emails
Deborah Brumfield,8,53,4656,2,2,1,221,Active Loyals,Weekly,Personalized updates and loyalty rewards
Debra Catini,5,23,1174,1,4,3,143,Discount Seekers,Weekly,Discount offers
Deirdre Greer,5,32,3195,2,4,2,242,Discount Seekers,Weekly,Discount offers
Delfina Latchford,8,22,1459,1,2,3,123,Bulk Shoppers,Bi-weekly,Bulk purchase deals
Denise Leinenbach,4,57,584,2,4,4,244,Discount Seekers,Weekly,Discount offers
Denise Monton,8,22,4075,1,2,1,121,Active Loyals,Weekly,Personalized updates and loyalty rewards
Dennis Bolton,5,264,1081,4,4,4,444,Churn Candidates,Monthly,High-impact reactivation emails
Dennis Kane,8,19,3317,1,2,2,122,Active Loyals,Weekly,Personalized updates and loyalty rewards
Dennis Pardue,9,358,5482,4,1,1,411,Big Spenders,Weekly,Premium offers and exclusive deals
Denny Blanton,4,187,1711,4,4,3,443,Churn Candidates,Monthly,High-impact reactivation emails
Denny Joy,4,637,2012,4,4,3,443,Churn Candidates,Monthly,High-impact reactivation emails
Denny Ordway,9,133,1299,3,1,3,313,Loyals at Risk,Bi-weekly,Re-engagement campaigns
Dianna Arnett,4,352,158,4,4,4,444,Churn Candidates,Monthly,High-impact reactivation emails
Dianna Vittorini,6,29,3342,1,3,2,132,Discount Seekers,Weekly,Discount offers
Dianna Wilson,5,217,5272,4,4,1,441,Churn Candidates,Monthly,High-impact reactivation emails
Dionis Lloyd,8,76,3540,3,2,2,322,Active Loyals,Weekly,Personalized updates and loyalty rewards
Don Jones,8,48,2502,2,2,2,222,Bulk Shoppers,Bi-weekly,Bulk purchase deals
Don Miller,3,481,1377,4,4,3,443,Churn Candidates,Monthly,High-impact reactivation emails
Don Weiss,5,98,343,3,4,4,344,Discount Seekers,Weekly,Discount offers
Dorothy Badders,7,107,3908,3,2,1,321,Big Spenders,Weekly,Premium offers and exclusive deals
Dorothy Dickinson,6,41,269,2,3,4,234,Discount Seekers,Weekly,Discount offers
Dorothy Wardle,7,242,1205,4,2,3,423,Loyals at Risk,Bi-weekly,Re-engagement campaigns
Dorris liebe,5,119,756,3,4,4,344,Churn Candidates,Monthly,High-impact reactivation emails
Doug Bickford,7,33,1988,2,2,3,223,Bulk Shoppers,Bi-weekly,Bulk purchase deals
Doug Jacobs,3,12,3357,1,4,2,142,Discount Seekers,Weekly,Discount offers
Doug O'Connell,7,26,1268,1,2,3,123,Bulk Shoppers,Bi-weekly,Bulk purchase deals
Duane Benoit,7,12,1156,1,2,3,123,Bulk Shoppers,Bi-weekly,Bulk purchase deals
Duane Huffman,4,776,1043,4,4,4,444,Churn Candidates,Monthly,High-impact reactivation emails
Duane Noonan,7,217,2139,4,2,3,423,Loyals at Risk,Bi-weekly,Re-engagement campaigns
Ed Braxton,9,48,3645,2,1,2,212,Active Loyals,Weekly,Personalized updates and loyalty rewards
Ed Jacobs,4,302,2163,4,4,3,443,Churn Candidates,Monthly,High-impact reactivation emails
Ed Ludwig,2,77,125,3,4,4,344,Discount Seekers,Weekly,Discount offers
Edward Becker,10,35,3236,2,1,2,212,Active Loyals,Weekly,Personalized updates and loyalty rewards
Edward Hooks,12,135,10311,3,1,1,311,Big Spenders,Weekly,Premium offers and exclusive deals
Edward Nazzal,4,287,2200,4,4,3,443,Churn Candidates,Monthly,High-impact reactivation emails
Eileen Kiefer,4,44,1302,2,4,3,243,Discount Seekers,Weekly,Discount offers
Eleni McCrary,5,132,2567,3,4,2,342,Churn Candidates,Monthly,High-impact reactivation emails
Elizabeth Moffitt,8,55,2340,2,2,2,222,Bulk Shoppers,Bi-weekly,Bulk purchase deals
Ellis Ballard,5,90,4359,3,4,1,341,Discount Seekers,Weekly,Discount offers
Elpida Rittenbach,3,421,1246,4,4,3,443,Churn Candidates,Monthly,High-impact reactivation emails
Emily Burns,10,100,2768,3,1,2,312,Bulk Shoppers,Bi-weekly,Bulk purchase deals
Emily Ducich,8,135,3486,3,2,2,322,Big Spenders,Weekly,Premium offers and exclusive deals
Emily Grady,5,22,1832,1,4,3,143,Discount Seekers,Weekly,Discount offers
Emily Phan,17,12,5479,1,1,1,111,Active Loyals,Weekly,Personalized updates and loyalty rewards
Eric Barreto,5,161,944,3,4,4,344,Churn Candidates,Monthly,High-impact reactivation emails
Eric Hoffmann,8,217,684,4,2,4,424,Loyals at Risk,Bi-weekly,Re-engagement campaigns
Eric Murdock,5,151,934,3,4,4,344,Churn Candidates,Monthly,High-impact reactivation emails
Erica Bern,4,0,1644,1,4,3,143,Discount Seekers,Weekly,Discount offers
Erica Hackney,6,405,826,4,3,4,434,Churn Candidates,Monthly,High-impact reactivation emails
Erica Hernandez,7,2,1220,1,2,3,123,Bulk Shoppers,Bi-weekly,Bulk purchase deals
Erica Smith,5,40,3511,2,4,2,242,Discount Seekers,Weekly,Discount offers
Erin Ashbrook,13,152,2847,3,1,2,312,Loyals at Risk,Bi-weekly,Re-engagement campaigns
Erin Creighton,5,53,462,2,4,4,244,Discount Seekers,Weekly,Discount offers
Erin Mull,4,47,229,2,4,4,244,Discount Seekers,Weekly,Discount offers
Erin Smith,9,28,4659,1,1,1,111,Active Loyals,Weekly,Personalized updates and loyalty rewards
Eudokia Martin,4,113,1040,3,4,4,344,Churn Candidates,Monthly,High-impact reactivation emails
Eugene Barchas,6,113,3072,3,3,2,332,Churn Candidates,Monthly,High-impact reactivation emails
Eugene Hildebrand,10,152,3083,3,1,2,312,Big Spenders,Weekly,Premium offers and exclusive deals
Eugene Moren,6,48,4589,2,3,1,231,Discount Seekers,Weekly,Discount offers
Eva Jacobs,5,57,2657,2,4,2,242,Discount Seekers,Weekly,Discount offers
Evan Bailliet,6,82,1187,3,3,3,333,Discount Seekers,Weekly,Discount offers
Evan Henry,6,105,924,3,3,4,334,Churn Candidates,Monthly,High-impact reactivation emails
Evan Minnotte,3,158,367,3,4,4,344,Churn Candidates,Monthly,High-impact reactivation emails
Filia McAdams,10,7,2456,1,1,2,112,Bulk Shoppers,Bi-weekly,Bulk purchase deals
Frank Atkinson,7,97,2983,3,2,2,322,Bulk Shoppers,Bi-weekly,Bulk purchase deals
Frank Carlisle,7,70,3419,2,2,2,222,Active Loyals,Weekly,Personalized updates and loyalty rewards
Frank Gastineau,7,34,1383,2,2,3,223,Bulk Shoppers,Bi-weekly,Bulk purchase deals
Frank Hawley,10,37,4256,2,1,1,211,Active Loyals,Weekly,Personalized updates and loyalty rewards
Frank Merwin,9,36,3737,2,1,2,212,Active Loyals,Weekly,Personalized updates and loyalty rewards
Frank Olsen,10,38,2680,2,1,2,212,Bulk Shoppers,Bi-weekly,Bulk purchase deals
Frank Preis,8,23,4047,1,2,1,121,Active Loyals,Weekly,Personalized updates and loyalty rewards
Fred Chung,7,184,3889,4,2,1,421,Big Spenders,Weekly,Premium offers and exclusive deals
Fred Harton,4,212,2271,4,4,2,442,Churn Candidates,Monthly,High-impact reactivation emails
Fred Hopkins,8,5,6987,1,2,1,121,Active Loyals,Weekly,Personalized updates and loyalty rewards
Fred McMath,9,145,2523,3,1,2,312,Loyals at Risk,Bi-weekly,Re-engagement campaigns
Fred Wasserman,3,362,81,4,4,4,444,Churn Candidates,Monthly,High-impact reactivation emails
Gary Hansen,9,75,2819,2,1,2,212,Bulk Shoppers,Bi-weekly,Bulk purchase deals
Gary Hwang,4,50,4174,2,4,1,241,Discount Seekers,Weekly,Discount offers
Gary McGarr,7,83,3584,3,2,2,322,Active Loyals,Weekly,Personalized updates and loyalty rewards
Gary Mitchum,6,16,3078,1,3,2,132,Discount Seekers,Weekly,Discount offers
Gary Zandusky,9,7,4354,1,1,1,111,Active Loyals,Weekly,Personalized updates and loyalty rewards
Gene Hale,2,387,1361,4,4,3,443,Churn Candidates,Monthly,High-impact reactivation emails
Gene McClure,10,106,1255,3,1,3,313,Loyals at Risk,Bi-weekly,Re-engagement campaigns
George Ashbrook,8,149,3921,3,2,1,321,Big Spenders,Weekly,Premium offers and exclusive deals
George Bell,11,62,1570,2,1,3,213,Bulk Shoppers,Bi-weekly,Bulk purchase deals
George Zrebassa,4,157,2454,3,4,2,342,Churn Candidates,Monthly,High-impact reactivation emails
Georgia Rosenberg,2,1136,1284,4,4,3,443,Churn Candidates,Monthly,High-impact reactivation emails
Giulietta Baptist,5,13,4716,1,4,1,141,Discount Seekers,Weekly,Discount offers
Giulietta Dortch,4,5,1888,1,4,3,143,Discount Seekers,Weekly,Discount offers
Giulietta Weimer,7,28,2190,1,2,3,123,Bulk Shoppers,Bi-weekly,Bulk purchase deals
Grace Kelly,9,112,6499,3,1,1,311,Big Spenders,Weekly,Premium offers and exclusive deals
Grant Thornton,3,56,9350,2,4,1,241,Discount Seekers,Weekly,Discount offers
Greg Guthrie,9,43,2223,2,1,3,213,Bulk Shoppers,Bi-weekly,Bulk purchase deals
Greg Hansen,2,2,147,1,4,4,144,Discount Seekers,Weekly,Discount offers
Greg Matthias,6,152,3164,3,3,2,332,Churn Candidates,Monthly,High-impact reactivation emails
Greg Maxwell,3,117,6050,3,4,1,341,Churn Candidates,Monthly,High-impact reactivation emails
Greg Tran,11,36,11820,2,1,1,211,Active Loyals,Weekly,Personalized updates and loyalty rewards
Guy Armstrong,11,5,1398,1,1,3,113,Bulk Shoppers,Bi-weekly,Bulk purchase deals
Guy Phonely,2,765,237,4,4,4,444,Churn Candidates,Monthly,High-impact reactivation emails
Guy Thornton,4,34,227,2,4,4,244,Discount Seekers,Weekly,Discount offers
Hallie Redmond,5,13,1299,1,4,3,143,Discount Seekers,Weekly,Discount offers
Harold Dahlen,3,769,251,4,4,4,444,Churn Candidates,Monthly,High-impact reactivation emails
Harold Engle,4,12,884,1,4,4,144,Discount Seekers,Weekly,Discount offers
Harold Pawlan,7,30,1990,1,2,3,123,Bulk Shoppers,Bi-weekly,Bulk purchase deals
Harold Ryan,7,159,5249,3,2,1,321,Big Spenders,Weekly,Premium offers and exclusive deals
Harry Greene,5,54,785,2,4,4,244,Discount Seekers,Weekly,Discount offers
Harry Marie,10,2,8237,1,1,1,111,Active Loyals,Weekly,Personalized updates and loyalty rewards
Heather Jas,5,126,359,3,4,4,344,Churn Candidates,Monthly,High-impact reactivation emails
Heather Kirkland,8,151,4878,3,2,1,321,Big Spenders,Weekly,Premium offers and exclusive deals
Helen Abelman,7,69,2163,2,2,3,223,Bulk Shoppers,Bi-weekly,Bulk purchase deals
Helen Andreada,8,20,2583,1,2,2,122,Bulk Shoppers,Bi-weekly,Bulk purchase deals
Helen Wasserman,8,117,9299,3,2,1,321,Big Spenders,Weekly,Premium offers and exclusive deals
Henia Zydlo,5,35,886,2,4,4,244,Discount Seekers,Weekly,Discount offers
Henry Goldwyn,12,23,3249,1,1,2,112,Active Loyals,Weekly,Personalized updates and loyalty rewards
Henry MacAllister,4,247,737,4,4,4,444,Churn Candidates,Monthly,High-impact reactivation emails
Herbert Flentye,7,21,2533,1,2,2,122,Bulk Shoppers,Bi-weekly,Bulk purchase deals
Hilary Holden,2,72,218,2,4,4,244,Discount Seekers,Weekly,Discount offers
Hunter Glantz,7,6,3690,1,2,2,122,Active Loyals,Weekly,Personalized updates and loyalty rewards
Hunter Lopez,6,43,12874,2,3,1,231,Richie Riches,Monthly,Exclusive high-end promotions
Ionia McGrath,3,409,2872,4,4,2,442,Churn Candidates,Monthly,High-impact reactivation emails
Irene Maddox,7,390,4931,4,2,1,421,Big Spenders,Weekly,Premium offers and exclusive deals
Ivan Gibson,4,71,744,2,4,4,244,Discount Seekers,Weekly,Discount offers
Ivan Liston,7,142,5040,3,2,1,321,Big Spenders,Weekly,Premium offers and exclusive deals
Jack Garza,3,758,2358,4,4,2,442,Churn Candidates,Monthly,High-impact reactivation emails
Jack Lebron,6,8,1215,1,3,3,133,Discount Seekers,Weekly,Discount offers
Jack O'Briant,9,57,3256,2,1,2,212,Active Loyals,Weekly,Personalized updates and loyalty rewards
James Galang,11,1,6367,1,1,1,111,Active Loyals,Weekly,Personalized updates and loyalty rewards
James Lanier,5,6,1572,1,4,3,143,Discount Seekers,Weekly,Discount offers
Jamie Frazer,7,65,2279,2,2,2,222,Bulk Shoppers,Bi-weekly,Bulk purchase deals
Jamie Kunitz,5,61,4427,2,4,1,241,Discount Seekers,Weekly,Discount offers
Jane Waco,6,42,7722,2,3,1,231,Discount Seekers,Weekly,Discount offers
Janet Lee,5,119,2203,3,4,3,343,Churn Candidates,Monthly,High-impact reactivation emails
Janet Martin,6,37,3159,2,3,2,232,Discount Seekers,Weekly,Discount offers
Janet Molinari,5,37,1804,2,4,3,243,Discount Seekers,Weekly,Discount offers
Jas O'Carroll,6,92,1935,3,3,3,333,Discount Seekers,Weekly,Discount offers
Jason Fortune-,5,225,955,4,4,4,444,Churn Candidates,Monthly,High-impact reactivation emails
Jason Gross,6,2,2241,1,3,3,133,Discount Seekers,Weekly,Discount offers
Jason Klamczynski,3,287,384,4,4,4,444,Churn Candidates,Monthly,High-impact reactivation emails
Jasper Cacioppo,4,114,72,3,4,4,344,Churn Candidates,Monthly,High-impact reactivation emails
Jay Fein,6,105,1913,3,3,3,333,Churn Candidates,Monthly,High-impact reactivation emails
Jay Kimmel,8,44,2710,2,2,2,222,Bulk Shoppers,Bi-weekly,Bulk purchase deals
Jenna Caffey,1,175,1058,3,4,4,344,Churn Candidates,Monthly,High-impact reactivation emails
Jennifer Braxton,10,7,1792,1,1,3,113,Bulk Shoppers,Bi-weekly,Bulk purchase deals
Jennifer Ferguson,6,2,2372,1,3,2,132,Discount Seekers,Weekly,Discount offers
Jennifer Halladay,4,5,310,1,4,4,144,Discount Seekers,Weekly,Discount offers
Jennifer Jackson,5,483,710,4,4,4,444,Churn Candidates,Monthly,High-impact reactivation emails
Jennifer Patt,7,37,1669,2,2,3,223,Bulk Shoppers,Bi-weekly,Bulk purchase deals
Jeremy Ellison,6,193,1388,4,3,3,433,Churn Candidates,Monthly,High-impact reactivation emails
Jeremy Farry,11,121,1082,3,1,4,314,Loyals at Risk,Bi-weekly,Re-engagement campaigns
Jeremy Lonsdale,6,49,3173,2,3,2,232,Discount Seekers,Weekly,Discount offers
Jeremy Pistek,7,8,3636,1,2,2,122,Active Loyals,Weekly,Personalized updates and loyalty rewards
Jessica Myrick,7,102,1733,3,2,3,323,Loyals at Risk,Bi-weekly,Re-engagement campaigns
Jesus Ocampo,5,215,1091,4,4,4,444,Churn Candidates,Monthly,High-impact reactivation emails
Jill Fjeld,8,54,4198,2,2,1,221,Active Loyals,Weekly,Personalized updates and loyalty rewards
Jill Matthias,5,0,304,1,4,4,144,Discount Seekers,Weekly,Discount offers
Jill Stevenson,4,119,1418,3,4,3,343,Churn Candidates,Monthly,High-impact reactivation emails
Jim Epp,7,48,7755,2,2,1,221,Active Loyals,Weekly,Personalized updates and loyalty rewards
Jim Karlsson,7,61,3761,2,2,2,222,Active Loyals,Weekly,Personalized updates and loyalty rewards
Jim Kriz,9,180,4762,3,1,1,311,Big Spenders,Weekly,Premium offers and exclusive deals
Jim Mitchum,5,8,865,1,4,4,144,Discount Seekers,Weekly,Discount offers
Jim Radford,2,593,1157,4,4,3,443,Churn Candidates,Monthly,High-impact reactivation emails
Jim Sink,4,42,1131,2,4,4,244,Discount Seekers,Weekly,Discount offers
Jocasta Rupert,1,68,864,2,4,4,244,One-Time Shoppers,Bi-weekly,Enticing offers
Joe Elijah,10,46,8698,2,1,1,211,Active Loyals,Weekly,Personalized updates and loyalty rewards
Joe Kamberova,10,84,4866,3,1,1,311,Active Loyals,Weekly,Personalized updates and loyalty rewards
Joel Eaton,13,51,6761,2,1,1,211,Active Loyals,Weekly,Personalized updates and loyalty rewards
Joel Jenkins,2,753,195,4,4,4,444,Churn Candidates,Monthly,High-impact reactivation emails
John Castell,9,158,2773,3,1,2,312,Loyals at Risk,Bi-weekly,Re-engagement campaigns
John Dryer,5,117,2153,3,4,3,343,Churn Candidates,Monthly,High-impact reactivation emails
John Grady,6,223,1507,4,3,3,433,Churn Candidates,Monthly,High-impact reactivation emails
John Huston,6,174,529,3,3,4,334,Churn Candidates,Monthly,High-impact reactivation emails
John Lee,11,21,9801,1,1,1,111,Active Loyals,Weekly,Personalized updates and loyalty rewards
John Lucas,6,614,2725,4,3,2,432,Churn Candidates,Monthly,High-impact reactivation emails
John Murray,7,109,7624,3,2,1,321,Big Spenders,Weekly,Premium offers and exclusive deals
John Stevenson,5,534,3868,4,4,1,441,Churn Candidates,Monthly,High-impact reactivation emails
Jonathan Doherty,11,394,7610,4,1,1,411,Big Spenders,Weekly,Premium offers and exclusive deals
Jonathan Howell,7,41,959,2,2,4,224,Bulk Shoppers,Bi-weekly,Bulk purchase deals
Joni Blumstein,3,737,900,4,4,4,444,Churn Candidates,Monthly,High-impact reactivation emails
Joni Sundaresam,5,463,470,4,4,4,444,Churn Candidates,Monthly,High-impact reactivation emails
Joni Wasserman,7,5,1243,1,2,3,123,Bulk Shoppers,Bi-weekly,Bulk purchase deals
Joseph Airdo,8,92,6492,3,2,1,321,Active Loyals,Weekly,Personalized updates and loyalty rewards
Joseph Holt,6,29,7955,1,3,1,131,Discount Seekers,Weekly,Discount offers
Joy Bell-,7,43,644,2,2,4,224,Bulk Shoppers,Bi-weekly,Bulk purchase deals
Joy Daniels,6,112,386,3,3,4,334,Churn Candidates,Monthly,High-impact reactivation emails
Joy Smith,6,28,2517,1,3,2,132,Discount Seekers,Weekly,Discount offers
Julia Barnett,5,7,2518,1,4,2,142,Discount Seekers,Weekly,Discount offers
Julia Dunbar,3,300,696,4,4,4,444,Churn Candidates,Monthly,High-impact reactivation emails
Julia West,4,461,1429,4,4,3,443,Churn Candidates,Monthly,High-impact reactivation emails
Juliana Krohn,3,28,3748,1,4,2,142,Discount Seekers,Weekly,Discount offers
Julie Creighton,5,57,858,2,4,4,244,Discount Seekers,Weekly,Discount offers
Julie Kriz,10,117,2934,3,1,2,312,Loyals at Risk,Bi-weekly,Re-engagement campaigns
Julie Prescott,9,102,1707,3,1,3,313,Loyals at Risk,Bi-weekly,Re-engagement campaigns
Justin Deggeller,8,41,8828,2,2,1,221,Active Loyals,Weekly,Personalized updates and loyalty rewards
Justin Ellison,3,20,2698,1,4,2,142,Discount Seekers,Weekly,Discount offers
Justin Hirsh,4,404,2257,4,4,3,443,Churn Candidates,Monthly,High-impact reactivation emails
Justin MacKendrick,10,57,2834,2,1,2,212,Bulk Shoppers,Bi-weekly,Bulk purchase deals
Justin Ritter,5,33,2202,2,4,3,243,Discount Seekers,Weekly,Discount offers
Kalyca Meade,6,14,2260,1,3,2,132,Discount Seekers,Weekly,Discount offers
Karen Bern,7,4,3153,1,2,2,122,Active Loyals,Weekly,Personalized updates and loyalty rewards
Karen Carlisle,6,407,2121,4,3,3,433,Churn Candidates,Monthly,High-impact reactivation emails
Karen Daniels,5,484,8282,4,4,1,441,Churn Candidates,Monthly,High-impact reactivation emails
Karen Ferguson,7,97,10605,3,2,1,321,Active Loyals,Weekly,Personalized updates and loyalty rewards
Karen Seio,3,295,89,4,4,4,444,Churn Candidates,Monthly,High-impact reactivation emails
Karl Braun,9,296,1570,4,1,3,413,Loyals at Risk,Bi-weekly,Re-engagement campaigns
Katharine Harms,8,40,3313,2,2,2,222,Active Loyals,Weekly,Personalized updates and loyalty rewards
Katherine Ducich,6,41,1889,2,3,3,233,Discount Seekers,Weekly,Discount offers
Katherine Hughes,6,1,3101,1,3,2,132,Discount Seekers,Weekly,Discount offers
Katherine Murray,8,56,5620,2,2,1,221,Active Loyals,Weekly,Personalized updates and loyalty rewards
Katherine Nockton,9,19,2618,1,1,2,112,Bulk Shoppers,Bi-weekly,Bulk purchase deals
Katrina Bavinger,3,117,909,3,4,4,344,Churn Candidates,Monthly,High-impact reactivation emails
Katrina Edelman,8,26,1686,1,2,3,123,Bulk Shoppers,Bi-weekly,Bulk purchase deals
Katrina Willman,5,96,4417,3,4,1,341,Discount Seekers,Weekly,Discount offers
Kean Nguyen,5,52,2172,2,4,3,243,Discount Seekers,Weekly,Discount offers
Kean Takahito,7,391,3059,4,2,2,422,Big Spenders,Weekly,Premium offers and exclusive deals
Kean Thornton,10,100,4643,3,1,1,311,Active Loyals,Weekly,Personalized updates and loyalty rewards
Keith Dawkins,12,112,8182,3,1,1,311,Big Spenders,Weekly,Premium offers and exclusive deals
Keith Herrera,7,22,5953,1,2,1,121,Active Loyals,Weekly,Personalized updates and loyalty rewards
Kelly Andreada,7,36,1520,2,2,3,223,Bulk Shoppers,Bi-weekly,Bulk purchase deals
Kelly Collister,4,97,3908,3,4,1,341,Discount Seekers,Weekly,Discount offers
Kelly Lampkin,8,16,5016,1,2,1,121,Active Loyals,Weekly,Personalized updates and loyalty rewards
Kelly Williams,4,771,449,4,4,4,444,Churn Candidates,Monthly,High-impact reactivation emails
Ken Black,12,230,2746,4,1,2,412,Loyals at Risk,Bi-weekly,Re-engagement campaigns
Ken Brennan,7,1,984,1,2,4,124,Bulk Shoppers,Bi-weekly,Bulk purchase deals
Ken Dana,5,289,2244,4,4,3,443,Churn Candidates,Monthly,High-impact reactivation emails
Ken Heidel,9,58,3919,2,1,1,211,Active Loyals,Weekly,Personalized updates and loyalty rewards
Ken Lonsdale,12,47,14174,2,1,1,211,Active Loyals,Weekly,Personalized updates and loyalty rewards
Khloe Miller,5,15,454,1,4,4,144,Discount Seekers,Weekly,Discount offers
Kimberly Carter,4,57,1145,2,4,4,244,Discount Seekers,Weekly,Discount offers
Kristen Hastings,7,2,5991,1,2,1,121,Active Loyals,Weekly,Personalized updates and loyalty rewards
Kristina Nunn,8,98,2281,3,2,2,322,Bulk Shoppers,Bi-weekly,Bulk purchase deals
Kunst Miller,8,28,4909,1,2,1,121,Active Loyals,Weekly,Personalized updates and loyalty rewards
Larry Blacks,3,48,50,2,4,4,244,Discount Seekers,Weekly,Discount offers
Larry Hughes,3,151,288,3,4,4,344,Churn Candidates,Monthly,High-impact reactivation emails
Larry Tron,3,26,330,1,4,4,144,Discount Seekers,Weekly,Discount offers
Laura Armstrong,11,154,8675,3,1,1,311,Big Spenders,Weekly,Premium offers and exclusive deals
Laurel Beltran,8,152,4987,3,2,1,321,Big Spenders,Weekly,Premium offers and exclusive deals
Laurel Elliston,6,21,1469,1,3,3,133,Discount Seekers,Weekly,Discount offers
Laurel Workman,5,88,2238,3,4,3,343,Discount Seekers,Weekly,Discount offers
Lauren Leatherbury,6,249,2741,4,3,2,432,Churn Candidates,Monthly,High-impact reactivation emails
Lela Donovan,1,552,5,4,4,4,444,Churn Candidates,Monthly,High-impact reactivation emails
Lena Cacioppo,8,27,2580,1,2,2,122,Bulk Shoppers,Bi-weekly,Bulk purchase deals
Lena Creighton,12,16,7661,1,1,1,111,Active Loyals,Weekly,Personalized updates and loyalty rewards
Lena Hernandez,9,21,2296,1,1,2,112,Bulk Shoppers,Bi-weekly,Bulk purchase deals
Lena Radford,6,26,5142,1,3,1,131,Discount Seekers,Weekly,Discount offers
Linda Cazamias,8,41,4492,2,2,1,221,Active Loyals,Weekly,Personalized updates and loyalty rewards
Linda Southworth,6,178,2845,3,3,2,332,Churn Candidates,Monthly,High-impact reactivation emails
Lindsay Castell,4,436,3247,4,4,2,442,Churn Candidates,Monthly,High-impact reactivation emails
Lindsay Shagiari,9,20,2988,1,1,2,112,Bulk Shoppers,Bi-weekly,Bulk purchase deals
Lindsay Williams,6,33,3231,2,3,2,232,Discount Seekers,Weekly,Discount offers
Lisa DeCherney,4,414,1962,4,4,3,443,Churn Candidates,Monthly,High-impact reactivation emails
Lisa Hazard,4,239,318,4,4,4,444,Churn Candidates,Monthly,High-impact reactivation emails
Lisa Ryan,5,132,1879,3,4,3,343,Churn Candidates,Monthly,High-impact reactivation emails
Liz Carlisle,5,54,2095,2,4,3,243,Discount Seekers,Weekly,Discount offers
Liz MacKendrick,5,391,1347,4,4,3,443,Churn Candidates,Monthly,High-impact reactivation emails
Liz Pelletier,4,40,757,2,4,4,244,Discount Seekers,Weekly,Discount offers
Liz Preis,7,9,3654,1,2,2,122,Active Loyals,Weekly,Personalized updates and loyalty rewards
Liz Thompson,8,34,2936,2,2,2,222,Bulk Shoppers,Bi-weekly,Bulk purchase deals
Liz Willingham,3,205,1259,4,4,3,443,Churn Candidates,Monthly,High-impact reactivation emails
Logan Currie,9,13,2632,1,1,2,112,Bulk Shoppers,Bi-weekly,Bulk purchase deals
Logan Haushalter,9,385,1740,4,1,3,413,Loyals at Risk,Bi-weekly,Re-engagement campaigns
Lori Olson,5,2,644,1,4,4,144,Discount Seekers,Weekly,Discount offers
Luke Foster,7,22,3931,1,2,1,121,Active Loyals,Weekly,Personalized updates and loyalty rewards
Luke Schmidt,6,96,1010,3,3,4,334,Discount Seekers,Weekly,Discount offers
Luke Weiss,7,21,5420,1,2,1,121,Active Loyals,Weekly,Personalized updates and loyalty rewards
Lycoris Saunders,3,777,368,4,4,4,444,Churn Candidates,Monthly,High-impact reactivation emails
Lynn Smith,6,34,1007,2,3,4,234,Discount Seekers,Weekly,Discount offers
Magdelene Morse,4,168,1315,3,4,3,343,Churn Candidates,Monthly,High-impact reactivation emails
Marc Crier,8,76,2727,3,2,2,322,Bulk Shoppers,Bi-weekly,Bulk purchase deals
Marc Harrigan,6,119,2394,3,3,2,332,Churn Candidates,Monthly,High-impact reactivation emails
Maria Bertelson,10,48,1548,2,1,3,213,Bulk Shoppers,Bi-weekly,Bulk purchase deals
Maria Etezadi,10,42,10663,2,1,1,211,Active Loyals,Weekly,Personalized updates and loyalty rewards
Maria Zettner,4,30,594,1,4,4,144,Discount Seekers,Weekly,Discount offers
Maribeth Dona,7,117,3766,3,2,2,322,Big Spenders,Weekly,Premium offers and exclusive deals
Maribeth Schnelling,10,273,7443,4,1,1,411,Big Spenders,Weekly,Premium offers and exclusive deals
Maribeth Yedwab,7,29,2254,1,2,3,123,Bulk Shoppers,Bi-weekly,Bulk purchase deals
Marina Lichtenstein,9,69,2723,2,1,2,212,Bulk Shoppers,Bi-weekly,Bulk purchase deals
Maris LaWare,6,54,2922,2,3,2,232,Discount Seekers,Weekly,Discount offers
Mark Cousins,5,399,4432,4,4,1,441,Churn Candidates,Monthly,High-impact reactivation emails
Mark Haberlin,4,376,401,4,4,4,444,Churn Candidates,Monthly,High-impact reactivation emails
Mark Hamilton,8,85,2456,3,2,2,322,Bulk Shoppers,Bi-weekly,Bulk purchase deals
Mark Packer,7,719,3206,4,2,2,422,Big Spenders,Weekly,Premium offers and exclusive deals
Mark Van Huff,9,27,1562,1,1,3,113,Bulk Shoppers,Bi-weekly,Bulk purchase deals
Mary O'Rourke,4,72,922,2,4,4,244,Discount Seekers,Weekly,Discount offers
Mary Zewe,6,282,2565,4,3,2,432,Churn Candidates,Monthly,High-impact reactivation emails
MaryBeth Skach,4,434,475,4,4,4,444,Churn Candidates,Monthly,High-impact reactivation emails
Mathew Reese,4,125,640,3,4,4,344,Churn Candidates,Monthly,High-impact reactivation emails
Matt Abelman,11,64,4300,2,1,1,211,Active Loyals,Weekly,Personalized updates and loyalty rewards
Matt Collins,8,27,1304,1,2,3,123,Bulk Shoppers,Bi-weekly,Bulk purchase deals
Matt Collister,6,51,2426,2,3,2,232,Discount Seekers,Weekly,Discount offers
Matt Connell,8,112,2258,3,2,2,322,Loyals at Risk,Bi-weekly,Re-engagement campaigns
Matt Hagelstein,4,155,1253,3,4,3,343,Churn Candidates,Monthly,High-impact reactivation emails
Matthew Clasen,4,189,795,4,4,4,444,Churn Candidates,Monthly,High-impact reactivation emails
Matthew Grinstein,7,29,3784,1,2,2,122,Active Loyals,Weekly,Personalized updates and loyalty rewards
Maureen Fritzler,5,421,936,4,4,4,444,Churn Candidates,Monthly,High-impact reactivation emails
Maureen Gastineau,4,92,2350,3,4,2,342,Discount Seekers,Weekly,Discount offers
Maureen Gnade,3,555,1343,4,4,3,443,Churn Candidates,Monthly,High-impact reactivation emails
Maurice Satty,6,413,1613,4,3,3,433,Churn Candidates,Monthly,High-impact reactivation emails
Max Engle,8,28,1909,1,2,3,123,Bulk Shoppers,Bi-weekly,Bulk purchase deals
Max Jones,7,22,6321,1,2,1,121,Active Loyals,Weekly,Personalized updates and loyalty rewards
Max Ludwig,7,29,2072,1,2,3,123,Bulk Shoppers,Bi-weekly,Bulk purchase deals
Maxwell Schwartz,9,121,3145,3,1,2,312,Big Spenders,Weekly,Premium offers and exclusive deals
Maya Herman,7,98,2203,3,2,3,323,Bulk Shoppers,Bi-weekly,Bulk purchase deals
Meg O'Connel,8,104,1686,3,2,3,323,Loyals at Risk,Bi-weekly,Re-engagement campaigns
Meg Tillman,6,49,2889,2,3,2,232,Discount Seekers,Weekly,Discount offers
Melanie Seite,4,452,371,4,4,4,444,Churn Candidates,Monthly,High-impact reactivation emails
Michael Chen,7,1,3807,1,2,1,121,Active Loyals,Weekly,Personalized updates and loyalty rewards
Michael Dominguez,5,36,1205,2,4,3,243,Discount Seekers,Weekly,Discount offers
Michael Grace,5,116,1241,3,4,3,343,Churn Candidates,Monthly,High-impact reactivation emails
Michael Granlund,9,99,777,3,1,4,314,Bulk Shoppers,Bi-weekly,Bulk purchase deals
Michael Kennedy,8,28,2302,1,2,2,122,Bulk Shoppers,Bi-weekly,Bulk purchase deals
Michael Moore,11,7,3794,1,1,1,111,Active Loyals,Weekly,Personalized updates and loyalty rewards
Michael Nguyen,6,34,2477,2,3,2,232,Discount Seekers,Weekly,Discount offers
Michael Oakman,2,180,154,3,4,4,344,Churn Candidates,Monthly,High-impact reactivation emails
Michael Paige,9,72,3983,2,1,1,211,Active Loyals,Weekly,Personalized updates and loyalty rewards
Michael Stewart,6,26,855,1,3,4,134,Discount Seekers,Weekly,Discount offers
Michelle Arnett,6,186,2453,4,3,2,432,Churn Candidates,Monthly,High-impact reactivation emails
Michelle Ellison,4,92,1257,3,4,3,343,Discount Seekers,Weekly,Discount offers
Michelle Huthwaite,5,49,2986,2,4,2,242,Discount Seekers,Weekly,Discount offers
Michelle Lonsdale,3,79,742,3,4,4,344,Discount Seekers,Weekly,Discount offers
Michelle Moray,8,61,2750,2,2,2,222,Bulk Shoppers,Bi-weekly,Bulk purchase deals
Michelle Tran,4,203,1320,4,4,3,443,Churn Candidates,Monthly,High-impact reactivation emails
Mick Brown,7,44,1429,2,2,3,223,Bulk Shoppers,Bi-weekly,Bulk purchase deals
Mick Crebagga,10,41,2220,2,1,3,213,Bulk Shoppers,Bi-weekly,Bulk purchase deals
Mick Hernandez,9,5,5503,1,1,1,111,Active Loyals,Weekly,Personalized updates and loyalty rewards
Mike Caudle,5,369,1582,4,4,3,443,Churn Candidates,Monthly,High-impact reactivation emails
Mike Gockenbach,4,84,3062,3,4,2,342,Discount Seekers,Weekly,Discount offers
Mike Kennedy,4,240,1032,4,4,4,444,Churn Candidates,Monthly,High-impact reactivation emails
Mike Pelletier,9,16,5089,1,1,1,111,Active Loyals,Weekly,Personalized updates and loyalty rewards
Mike Vittorini,7,19,1735,1,2,3,123,Bulk Shoppers,Bi-weekly,Bulk purchase deals
Mitch Gastineau,1,264,17,4,4,4,444,Churn Candidates,Monthly,High-impact reactivation emails
Mitch Webber,7,17,5341,1,2,1,121,Active Loyals,Weekly,Personalized updates and loyalty rewards
Mitch Willingham,2,44,5254,2,4,1,241,Discount Seekers,Weekly,Discount offers
Monica Federle,5,7,1758,1,4,3,143,Discount Seekers,Weekly,Discount offers
Muhammed Lee,2,100,162,3,4,4,344,Discount Seekers,Weekly,Discount offers
Muhammed MacIntyre,9,85,775,3,1,4,314,Bulk Shoppers,Bi-weekly,Bulk purchase deals
Muhammed Yedwab,11,71,4154,2,1,1,211,Active Loyals,Weekly,Personalized updates and loyalty rewards
Nancy Lomonaco,4,58,1419,2,4,3,243,Discount Seekers,Weekly,Discount offers
Naresj Patel,6,25,5530,1,3,1,131,Discount Seekers,Weekly,Discount offers
Nat Carroll,5,224,2462,4,4,2,442,Churn Candidates,Monthly,High-impact reactivation emails
Nat Gilpin,5,48,1871,2,4,3,243,Discount Seekers,Weekly,Discount offers
Natalie DeCherney,9,27,4326,1,1,1,111,Active Loyals,Weekly,Personalized updates and loyalty rewards
Natalie Fritzler,7,79,8321,3,2,1,321,Active Loyals,Weekly,Personalized updates and loyalty rewards
Natalie Webber,7,172,7234,3,2,1,321,Big Spenders,Weekly,Premium offers and exclusive deals
Nathan Cano,6,41,2218,2,3,3,233,Discount Seekers,Weekly,Discount offers
Nathan Gelder,5,48,1396,2,4,3,243,Discount Seekers,Weekly,Discount offers
Nathan Mautz,7,160,6460,3,2,1,321,Big Spenders,Weekly,Premium offers and exclusive deals
Neil Ducich,6,183,2894,3,3,2,332,Churn Candidates,Monthly,High-impact reactivation emails
Neil Franzsisch,4,525,377,4,4,4,444,Churn Candidates,Monthly,High-impact reactivation emails
Neil Knudson,7,70,572,2,2,4,224,Bulk Shoppers,Bi-weekly,Bulk purchase deals
Neola Schneider,4,6,2576,1,4,2,142,Discount Seekers,Weekly,Discount offers
Neoma Murray,10,244,2163,4,1,3,413,Loyals at Risk,Bi-weekly,Re-engagement campaigns
Nick Crebassa,7,6,8241,1,2,1,121,Active Loyals,Weekly,Personalized updates and loyalty rewards
Nick Radford,5,210,2368,4,4,2,442,Churn Candidates,Monthly,High-impact reactivation emails
Nick Zandusky,9,85,2488,3,1,2,312,Bulk Shoppers,Bi-weekly,Bulk purchase deals
Nicole Brennan,2,1166,274,4,4,4,444,Churn Candidates,Monthly,High-impact reactivation emails
Nicole Fjeld,7,114,2031,3,2,3,323,Loyals at Risk,Bi-weekly,Re-engagement campaigns
Nicole Hansen,7,189,2673,4,2,2,422,Loyals at Risk,Bi-weekly,Re-engagement campaigns
Noah Childs,5,204,1821,4,4,3,443,Churn Candidates,Monthly,High-impact reactivation emails
Noel Staavos,13,174,2965,3,1,2,312,Loyals at Risk,Bi-weekly,Re-engagement campaigns
Nona Balk,9,19,1971,1,1,3,113,Bulk Shoppers,Bi-weekly,Bulk purchase deals
Nora Paige,5,58,3909,2,4,1,241,Discount Seekers,Weekly,Discount offers
Nora Pelletier,6,406,1229,4,3,3,433,Churn Candidates,Monthly,High-impact reactivation emails
Nora Preis,7,138,7903,3,2,1,321,Big Spenders,Weekly,Premium offers and exclusive deals
Odella Nelson,9,410,1567,4,1,3,413,Loyals at Risk,Bi-weekly,Re-engagement campaigns
Olvera Toch,5,65,3819,2,4,1,241,Discount Seekers,Weekly,Discount offers
Pamela Coakley,4,2,1832,1,4,3,143,Discount Seekers,Weekly,Discount offers
Pamela Stobb,6,107,2182,3,3,3,333,Churn Candidates,Monthly,High-impact reactivation emails
Parhena Norris,8,30,1467,1,2,3,123,Bulk Shoppers,Bi-weekly,Bulk purchase deals
Patricia Hirasaki,1,70,730,2,4,4,244,One-Time Shoppers,Bi-weekly,Enticing offers
Patrick Bzostek,3,25,740,1,4,4,144,Discount Seekers,Weekly,Discount offers
Patrick Gardner,13,36,3087,2,1,2,212,Active Loyals,Weekly,Personalized updates and loyalty rewards
Patrick Jones,8,39,1219,2,2,3,223,Bulk Shoppers,Bi-weekly,Bulk purchase deals
Patrick O'Brill,11,4,7474,1,1,1,111,Active Loyals,Weekly,Personalized updates and loyalty rewards
Patrick O'Donnell,7,0,2494,1,2,2,122,Bulk Shoppers,Bi-weekly,Bulk purchase deals
Patrick Ryan,5,36,1840,2,4,3,243,Discount Seekers,Weekly,Discount offers
Paul Gonzalez,9,57,1988,2,1,3,213,Bulk Shoppers,Bi-weekly,Bulk purchase deals
Paul Knutson,2,483,1441,4,4,3,443,Churn Candidates,Monthly,High-impact reactivation emails
Paul Lucas,5,15,240,1,4,4,144,Discount Seekers,Weekly,Discount offers
Paul MacIntyre,3,386,1406,4,4,3,443,Churn Candidates,Monthly,High-impact reactivation emails
Paul Prost,10,97,7254,3,1,1,311,Active Loyals,Weekly,Personalized updates and loyalty rewards
Paul Stevenson,8,69,1278,2,2,3,223,Bulk Shoppers,Bi-weekly,Bulk purchase deals
Paul Van Hugh,5,89,2876,3,4,2,342,Discount Seekers,Weekly,Discount offers
Pauline Chand,2,882,1062,4,4,4,444,Churn Candidates,Monthly,High-impact reactivation emails
Pauline Johnson,7,134,1824,3,2,3,323,Loyals at Risk,Bi-weekly,Re-engagement campaigns
Pauline Webber,10,46,3455,2,1,2,212,Active Loyals,Weekly,Personalized updates and loyalty rewards
Penelope Sewall,7,236,6843,4,2,1,421,Big Spenders,Weekly,Premium offers and exclusive deals
Pete Armstrong,6,103,730,3,3,4,334,Churn Candidates,Monthly,High-impact reactivation emails
Pete Kriz,12,9,8647,1,1,1,111,Active Loyals,Weekly,Personalized updates and loyalty rewards
Pete Takahito,4,71,160,2,4,4,244,Discount Seekers,Weekly,Discount offers
Peter Bhler,4,57,689,2,4,4,244,Discount Seekers,Weekly,Discount offers
Peter Fuller,4,835,9063,4,4,1,441,Churn Candidates,Monthly,High-impact reactivation emails
Peter McVee,4,51,4115,2,4,1,241,Discount Seekers,Weekly,Discount offers
Philip Brown,8,97,1456,3,2,3,323,Bulk Shoppers,Bi-weekly,Bulk purchase deals
Philip Fox,6,196,2770,4,3,2,432,Churn Candidates,Monthly,High-impact reactivation emails
Philisse Overcash,9,160,4893,3,1,1,311,Big Spenders,Weekly,Premium offers and exclusive deals
Phillina Ober,5,86,1056,3,4,4,344,Discount Seekers,Weekly,Discount offers
Phillip Breyer,2,688,133,4,4,4,444,Churn Candidates,Monthly,High-impact reactivation emails
Phillip Flathmann,5,114,2207,3,4,3,343,Churn Candidates,Monthly,High-impact reactivation emails
Pierre Wener,7,464,3922,4,2,1,421,Big Spenders,Weekly,Premium offers and exclusive deals
Quincy Jones,9,25,6109,1,1,1,111,Active Loyals,Weekly,Personalized updates and loyalty rewards
Rachel Payne,4,496,954,4,4,4,444,Churn Candidates,Monthly,High-impact reactivation emails
Ralph Arnett,9,5,2618,1,1,2,112,Bulk Shoppers,Bi-weekly,Bulk purchase deals
Ralph Kennedy,3,119,1460,3,4,3,343,Churn Candidates,Monthly,High-impact reactivation emails
Ralph Ritter,2,19,616,1,4,4,144,Discount Seekers,Weekly,Discount offers
Randy Bradley,2,68,1008,2,4,4,244,Discount Seekers,Weekly,Discount offers
Randy Ferguson,8,390,3310,4,2,2,422,Big Spenders,Weekly,Premium offers and exclusive deals
Raymond Buch,6,96,15117,3,3,1,331,Richie Riches,Monthly,Exclusive high-end promotions
Raymond Messe,6,345,1453,4,3,3,433,Churn Candidates,Monthly,High-impact reactivation emails
Resi Plking,12,33,5154,2,1,1,211,Active Loyals,Weekly,Personalized updates and loyalty rewards
Ricardo Emerson,1,1098,48,4,4,4,444,Churn Candidates,Monthly,High-impact reactivation emails
Ricardo Sperren,5,76,3221,3,4,2,342,Discount Seekers,Weekly,Discount offers
Richard Bierner,8,19,2664,1,2,2,122,Bulk Shoppers,Bi-weekly,Bulk purchase deals
Richard Eichhorn,5,302,877,4,4,4,444,Churn Candidates,Monthly,High-impact reactivation emails
Rick Bensley,12,9,4716,1,1,1,111,Active Loyals,Weekly,Personalized updates and loyalty rewards
Rick Duston,8,72,4272,2,2,1,221,Active Loyals,Weekly,Personalized updates and loyalty rewards
Rick Hansen,5,32,3622,2,4,2,242,Discount Seekers,Weekly,Discount offers
Rick Huthwaite,6,467,6978,4,3,1,431,Churn Candidates,Monthly,High-impact reactivation emails
Rick Reed,6,170,3301,3,3,2,332,Churn Candidates,Monthly,High-impact reactivation emails
Rick Wilson,7,120,7398,3,2,1,321,Big Spenders,Weekly,Premium offers and exclusive deals
Ritsa Hightower,2,519,740,4,4,4,444,Churn Candidates,Monthly,High-impact reactivation emails
Rob Beeghly,5,25,529,1,4,4,144,Discount Seekers,Weekly,Discount offers
Rob Dowd,10,180,2914,3,1,2,312,Loyals at Risk,Bi-weekly,Re-engagement campaigns
Rob Haberlin,3,534,2086,4,4,3,443,Churn Candidates,Monthly,High-impact reactivation emails
Rob Lucas,8,121,6236,3,2,1,321,Big Spenders,Weekly,Premium offers and exclusive deals
Rob Williams,9,89,3279,3,1,2,312,Active Loyals,Weekly,Personalized updates and loyalty rewards
Robert Barroso,5,648,222,4,4,4,444,Churn Candidates,Monthly,High-impact reactivation emails
Robert Dilbeck,5,114,2787,3,4,2,342,Churn Candidates,Monthly,High-impact reactivation emails
Robert Marley,5,6,5979,1,4,1,141,Discount Seekers,Weekly,Discount offers
Robert Waldorf,5,79,3496,3,4,2,342,Discount Seekers,Weekly,Discount offers
Roger Barcio,4,54,2068,2,4,3,243,Discount Seekers,Weekly,Discount offers
Roger Demir,10,21,1420,1,1,3,113,Bulk Shoppers,Bi-weekly,Bulk purchase deals
Roland Fjeld,7,89,2342,3,2,2,322,Bulk Shoppers,Bi-weekly,Bulk purchase deals
Roland Murray,1,299,98,4,4,4,444,Churn Candidates,Monthly,High-impact reactivation emails
Roland Schwarz,8,36,4160,2,2,1,221,Active Loyals,Weekly,Personalized updates and loyalty rewards
Rose O'Brian,7,35,3816,2,2,1,221,Active Loyals,Weekly,Personalized updates and loyalty rewards
Ross Baird,8,32,5633,2,2,1,221,Active Loyals,Weekly,Personalized updates and loyalty rewards
Ross DeVincentis,8,14,1136,1,2,4,124,Bulk Shoppers,Bi-weekly,Bulk purchase deals
Roy Collins,6,369,967,4,3,4,434,Churn Candidates,Monthly,High-impact reactivation emails
Roy Franzsisch,8,6,945,1,2,4,124,Bulk Shoppers,Bi-weekly,Bulk purchase deals
Roy Phan,8,28,2170,1,2,3,123,Bulk Shoppers,Bi-weekly,Bulk purchase deals
Roy Skaria,2,19,23,1,4,4,144,Discount Seekers,Weekly,Discount offers
Ruben Ausman,7,43,3833,2,2,1,221,Active Loyals,Weekly,Personalized updates and loyalty rewards
Ruben Dartt,9,114,3134,3,1,2,312,Big Spenders,Weekly,Premium offers and exclusive deals
Russell Applegate,9,12,4793,1,1,1,111,Active Loyals,Weekly,Personalized updates and loyalty rewards
Russell D'Ascenzo,4,42,971,2,4,4,244,Discount Seekers,Weekly,Discount offers
Ryan Akin,5,61,1686,2,4,3,243,Discount Seekers,Weekly,Discount offers
Ryan Crowe,6,110,887,3,3,4,334,Churn Candidates,Monthly,High-impact reactivation emails
Sally Hughsby,13,29,3408,1,1,2,112,Active Loyals,Weekly,Personalized updates and loyalty rewards
Sally Knutson,3,8,884,1,4,4,144,Discount Seekers,Weekly,Discount offers
Sally Matthias,4,421,244,4,4,4,444,Churn Candidates,Monthly,High-impact reactivation emails
Sam Craven,5,781,3364,4,4,2,442,Churn Candidates,Monthly,High-impact reactivation emails
Sam Zeldin,11,35,3627,2,1,2,212,Active Loyals,Weekly,Personalized updates and loyalty rewards
Sample Company A,9,40,4625,2,1,1,211,Active Loyals,Weekly,Personalized updates and loyalty rewards
Sandra Flanagan,7,59,764,2,2,4,224,Bulk Shoppers,Bi-weekly,Bulk purchase deals
Sandra Glassco,3,8,3406,1,4,2,142,Discount Seekers,Weekly,Discount offers
Sanjit Chand,9,349,14143,4,1,1,411,Big Spenders,Weekly,Premium offers and exclusive deals
Sanjit Engle,11,9,12210,1,1,1,111,Active Loyals,Weekly,Personalized updates and loyalty rewards
Sanjit Jacobs,12,95,3949,3,1,1,311,Active Loyals,Weekly,Personalized updates and loyalty rewards
Saphhira Shifley,8,15,1324,1,2,3,123,Bulk Shoppers,Bi-weekly,Bulk purchase deals
Sara Luxemburg,7,70,3053,2,2,2,222,Active Loyals,Weekly,Personalized updates and loyalty rewards
Sarah Bern,3,201,1349,4,4,3,443,Churn Candidates,Monthly,High-impact reactivation emails
Sarah Brown,6,188,6412,4,3,1,431,Churn Candidates,Monthly,High-impact reactivation emails
Sarah Foster,9,59,3424,2,1,2,212,Active Loyals,Weekly,Personalized updates and loyalty rewards
Sarah Jordon,6,29,1341,1,3,3,133,Discount Seekers,Weekly,Discount offers
Scot Coram,4,149,4372,3,4,1,341,Churn Candidates,Monthly,High-impact reactivation emails
Scot Wooten,7,81,1085,3,2,4,324,Bulk Shoppers,Bi-weekly,Bulk purchase deals
Scott Cohen,8,187,3730,4,2,2,422,Big Spenders,Weekly,Premium offers and exclusive deals
Scott Williamson,6,30,1966,1,3,3,133,Discount Seekers,Weekly,Discount offers
Sean Braxton,7,47,8058,2,2,1,221,Active Loyals,Weekly,Personalized updates and loyalty rewards
Sean Christensen,7,29,3980,1,2,1,121,Active Loyals,Weekly,Personalized updates and loyalty rewards
Sean Miller,5,79,25042,3,4,1,341,Richie Riches,Monthly,Exclusive high-end promotions
Sean O'Donnell,6,29,2603,1,3,2,132,Discount Seekers,Weekly,Discount offers
Sean Wendt,3,162,1019,3,4,4,344,Churn Candidates,Monthly,High-impact reactivation emails
Seth Vernon,10,101,11471,3,1,1,311,Big Spenders,Weekly,Premium offers and exclusive deals
Shahid Collister,9,30,5993,1,1,1,111,Active Loyals,Weekly,Personalized updates and loyalty rewards
Shahid Hopkins,10,23,2181,1,1,3,113,Bulk Shoppers,Bi-weekly,Bulk purchase deals
Shahid Shariari,6,110,3057,3,3,2,332,Churn Candidates,Monthly,High-impact reactivation emails
Sharelle Roach,5,8,3233,1,4,2,142,Discount Seekers,Weekly,Discount offers
Shaun Chance,7,36,1875,2,2,3,223,Bulk Shoppers,Bi-weekly,Bulk purchase deals
Shaun Weien,7,162,2923,3,2,2,322,Loyals at Risk,Bi-weekly,Re-engagement campaigns
Sheri Gordon,8,183,1885,3,2,3,323,Loyals at Risk,Bi-weekly,Re-engagement campaigns
Shirley Daniels,9,200,6122,4,1,1,411,Big Spenders,Weekly,Premium offers and exclusive deals
Shirley Jackson,5,253,1319,4,4,3,443,Churn Candidates,Monthly,High-impact reactivation emails
Shirley Schmidt,3,491,613,4,4,4,444,Churn Candidates,Monthly,High-impact reactivation emails
Shui Tom,7,125,432,3,2,4,324,Loyals at Risk,Bi-weekly,Re-engagement campaigns
Sibella Parks,6,327,1307,4,3,3,433,Churn Candidates,Monthly,High-impact reactivation emails
Skye Norling,6,111,1860,3,3,3,333,Churn Candidates,Monthly,High-impact reactivation emails
Sonia Cooley,5,92,902,3,4,4,344,Discount Seekers,Weekly,Discount offers
Sonia Sunley,6,432,418,4,3,4,434,Churn Candidates,Monthly,High-impact reactivation emails
Speros Goranitis,6,108,3125,3,3,2,332,Churn Candidates,Monthly,High-impact reactivation emails
Stefania Perrino,9,47,5442,2,1,1,211,Active Loyals,Weekly,Personalized updates and loyalty rewards
Stefanie Holloman,2,765,2096,4,4,3,443,Churn Candidates,Monthly,High-impact reactivation emails
Stephanie Phelps,9,386,1873,4,1,3,413,Loyals at Risk,Bi-weekly,Re-engagement campaigns
Stephanie Ulpright,7,20,2595,1,2,2,122,Bulk Shoppers,Bi-weekly,Bulk purchase deals
Steve Carroll,6,126,1255,3,3,3,333,Churn Candidates,Monthly,High-impact reactivation emails
Steve Chapman,10,89,2578,3,1,2,312,Bulk Shoppers,Bi-weekly,Bulk purchase deals
Steve Nguyen,7,79,3129,3,2,2,322,Active Loyals,Weekly,Personalized updates and loyalty rewards
Steven Cartwright,11,187,5225,4,1,1,411,Big Spenders,Weekly,Premium offers and exclusive deals
Steven Roelle,8,196,4346,4,2,1,421,Big Spenders,Weekly,Premium offers and exclusive deals
Steven Ward,2,534,759,4,4,4,444,Churn Candidates,Monthly,High-impact reactivation emails
Stewart Carmichael,7,41,4493,2,2,1,221,Active Loyals,Weekly,Personalized updates and loyalty rewards
Stewart Visinsky,9,320,4104,4,1,1,411,Big Spenders,Weekly,Premium offers and exclusive deals
Stuart Calhoun,4,30,278,1,4,4,144,Discount Seekers,Weekly,Discount offers
Stuart Van,4,76,1271,3,4,3,343,Discount Seekers,Weekly,Discount offers
Sue Ann Reed,10,63,4766,2,1,1,211,Active Loyals,Weekly,Personalized updates and loyalty rewards
Sung Chung,2,131,281,3,4,4,344,Churn Candidates,Monthly,High-impact reactivation emails
Sung Pak,10,79,4283,3,1,1,311,Active Loyals,Weekly,Personalized updates and loyalty rewards
Sung Shariari,5,120,965,3,4,4,344,Churn Candidates,Monthly,High-impact reactivation emails
Susan Gilcrest,3,226,49,4,4,4,444,Churn Candidates,Monthly,High-impact reactivation emails
Susan MacKendrick,1,606,1043,4,4,4,444,Churn Candidates,Monthly,High-impact reactivation emails
Susan Pistek,6,70,3991,2,3,1,231,Discount Seekers,Weekly,Discount offers
Susan Vittorini,8,2,1904,1,2,3,123,Bulk Shoppers,Bi-weekly,Bulk purchase deals
Suzanne McNair,12,25,5565,1,1,1,111,Active Loyals,Weekly,Personalized updates and loyalty rewards
Sylvia Foulston,9,48,3336,2,1,2,212,Active Loyals,Weekly,Personalized updates and loyalty rewards
Tamara Chand,5,399,19052,4,4,1,441,Churn Candidates,Monthly,High-impact reactivation emails
Tamara Dahlen,9,37,1435,2,1,3,213,Bulk Shoppers,Bi-weekly,Bulk purchase deals
Tamara Manning,8,103,2955,3,2,2,322,Loyals at Risk,Bi-weekly,Re-engagement campaigns
Tamara Willingham,7,64,5279,2,2,1,221,Active Loyals,Weekly,Personalized updates and loyalty rewards
Tanja Norvell,7,90,3130,3,2,2,322,Active Loyals,Weekly,Personalized updates and loyalty rewards
Ted Butterfield,5,119,1469,3,4,3,343,Churn Candidates,Monthly,High-impact reactivation emails
Ted Trevino,7,31,4915,2,2,1,221,Active Loyals,Weekly,Personalized updates and loyalty rewards
Thais Sissman,2,357,5,4,4,4,444,Churn Candidates,Monthly,High-impact reactivation emails
Thea Hendricks,5,344,2424,4,4,2,442,Churn Candidates,Monthly,High-impact reactivation emails
Thea Hudgings,4,58,2943,2,4,2,242,Discount Seekers,Weekly,Discount offers
Theone Pippenger,9,8,4455,1,1,1,111,Active Loyals,Weekly,Personalized updates and loyalty rewards
Theresa Coyne,1,106,1038,3,4,4,344,Churn Candidates,Monthly,High-impact reactivation emails
Theresa Swint,6,504,2163,4,3,3,433,Churn Candidates,Monthly,High-impact reactivation emails
Thomas Boland,4,58,3589,2,4,2,242,Discount Seekers,Weekly,Discount offers
Thomas Brumley,4,49,816,2,4,4,244,Discount Seekers,Weekly,Discount offers
Thomas Seio,7,198,5372,4,2,1,421,Big Spenders,Weekly,Premium offers and exclusive deals
Thomas Thornton,8,183,1428,3,2,3,323,Loyals at Risk,Bi-weekly,Re-engagement campaigns
Tiffany House,8,117,1021,3,2,4,324,Loyals at Risk,Bi-weekly,Re-engagement campaigns
Tim Brockman,7,349,1603,4,2,3,423,Loyals at Risk,Bi-weekly,Re-engagement campaigns
Tim Taslimi,3,406,439,4,4,4,444,Churn Candidates,Monthly,High-impact reactivation emails
Toby Braunhardt,6,583,2197,4,3,3,433,Churn Candidates,Monthly,High-impact reactivation emails
Toby Carlisle,8,27,4266,1,2,1,121,Active Loyals,Weekly,Personalized updates and loyalty rewards
Toby Gnade,5,337,3059,4,4,2,442,Churn Candidates,Monthly,High-impact reactivation emails
Toby Ritter,5,193,676,4,4,4,444,Churn Candidates,Monthly,High-impact reactivation emails
Toby Swindell,5,226,976,4,4,4,444,Churn Candidates,Monthly,High-impact reactivation emails
Todd Boyes,5,146,834,3,4,4,344,Churn Candidates,Monthly,High-impact reactivation emails
Todd Sumrall,6,36,11892,2,3,1,231,Richie Riches,Monthly,Exclusive high-end promotions
Tom Ashbrook,4,69,14595,2,4,1,241,Richie Riches,Monthly,Exclusive high-end promotions
Tom Boeckenhauer,7,202,9133,4,2,1,421,Big Spenders,Weekly,Premium offers and exclusive deals
Tom Prescott,5,104,5330,3,4,1,341,Churn Candidates,Monthly,High-impact reactivation emails
Tom Stivers,5,172,2054,3,4,3,343,Churn Candidates,Monthly,High-impact reactivation emails
Tonja Turnell,7,12,5365,1,2,1,121,Active Loyals,Weekly,Personalized updates and loyalty rewards
Tony Chapman,9,153,1244,3,1,3,313,Loyals at Risk,Bi-weekly,Re-engagement campaigns
Tony Molinari,3,130,1095,3,4,4,344,Churn Candidates,Monthly,High-impact reactivation emails
Tony Sayre,6,11,2243,1,3,3,133,Discount Seekers,Weekly,Discount offers
Tracy Blumstein,9,107,4737,3,1,1,311,Big Spenders,Weekly,Premium offers and exclusive deals
Tracy Collins,7,4,743,1,2,4,124,Bulk Shoppers,Bi-weekly,Bulk purchase deals
Tracy Hopkins,7,72,4233,2,2,1,221,Active Loyals,Weekly,Personalized updates and loyalty rewards
Tracy Poddar,4,350,1937,4,4,3,443,Churn Candidates,Monthly,High-impact reactivation emails
Tracy Zic,4,35,1707,2,4,3,243,Discount Seekers,Weekly,Discount offers
Troy Blackwell,5,285,1387,4,4,3,443,Churn Candidates,Monthly,High-impact reactivation emails
Troy Staebel,7,55,2821,2,2,2,222,Bulk Shoppers,Bi-weekly,Bulk purchase deals
Trudy Brown,9,30,2798,1,1,2,112,Bulk Shoppers,Bi-weekly,Bulk purchase deals
Trudy Glocke,4,114,2075,3,4,3,343,Churn Candidates,Monthly,High-impact reactivation emails
Trudy Schmidt,5,238,3368,4,4,2,442,Churn Candidates,Monthly,High-impact reactivation emails
Valerie Dominguez,6,581,6442,4,3,1,431,Churn Candidates,Monthly,High-impact reactivation emails
Valerie Mitchum,7,54,2455,2,2,2,222,Bulk Shoppers,Bi-weekly,Bulk purchase deals
Valerie Takahito,2,1000,1736,4,4,3,443,Churn Candidates,Monthly,High-impact reactivation emails
Vicky Freymann,5,13,849,1,4,4,144,Discount Seekers,Weekly,Discount offers
Victor Preis,3,30,994,1,4,4,144,Discount Seekers,Weekly,Discount offers
Victoria Brennan,6,54,2006,2,3,3,233,Discount Seekers,Weekly,Discount offers
Victoria Pisteka,7,75,3361,2,2,2,222,Active Loyals,Weekly,Personalized updates and loyalty rewards
Victoria Wilson,10,28,6134,1,1,1,111,Active Loyals,Weekly,Personalized updates and loyalty rewards
Vivek Gonzalez,6,154,846,3,3,4,334,Churn Candidates,Monthly,High-impact reactivation emails
Vivek Grady,5,286,427,4,4,4,444,Churn Candidates,Monthly,High-impact reactivation emails
Vivek Sundaresam,4,221,1055,4,4,4,444,Churn Candidates,Monthly,High-impact reactivation emails
Vivian Mathis,5,117,381,3,4,4,344,Churn Candidates,Monthly,High-impact reactivation emails
William Brown,11,20,6159,1,1,1,111,Active Loyals,Weekly,Personalized updates and loyalty rewards
Xylona Preis,11,43,2375,2,1,2,212,Bulk Shoppers,Bi-weekly,Bulk purchase deals
Yana Sorensen,8,9,6721,1,2,1,121,Active Loyals,Weekly,Personalized updates and loyalty rewards
Yoseph Carroll,5,4,5455,1,4,1,141,Discount Seekers,Weekly,Discount offers
Zuschuss Carroll,13,54,8027,2,1,1,211,Active Loyals,Weekly,Personalized updates and loyalty rewards
Zuschuss Donatelli,5,202,1494,4,4,3,443,Churn Candidates,Monthly,High-impact reactivation emails
