customer,frequency,recency,monetary_value,R_Quartile,F_Quartile,M_Quartile,RFMClass,product_interest,promotion_frequency,update_frequency
Aaron Bergman,3,415,887,4,4,4,444,joggers,Once a month,No updates
Aaron Hawkins,7,12,1744,1,2,3,123,jeans,Every 2 days,Every update
Aaron Smayling,7,88,3050,3,2,2,322,formals,Every 2 weeks,Updates on interest
Adam Bellavance,8,54,7756,2,2,1,221,hats,Every 2 days,Every update
Adam Hart,10,34,3249,2,1,2,212,oversize,Every week,Every update
Adam Shillingsburg,9,28,3256,1,1,2,112,joggers,Every 2 days,Every update
Adrian Barton,10,41,14474,2,1,1,211,shoes,Every 2 days,Every update
Adrian Hane,7,60,1734,2,2,3,223,tracksuits,Every 2 weeks,Updates on interest
Adrian Shami,2,41,59,2,4,4,244,joggers,Every 2 weeks,Updates on interest
Aimee Bixby,5,41,968,2,4,4,244,formals,Every 2 weeks,Updates on interest
Alan Barnes,8,25,1114,1,2,4,124,formals,Every 2 days,Every update
Alan Dominguez,8,29,6107,1,2,1,121,hats,Every 2 days,Every update
Alan Haines,4,55,1587,2,4,3,243,oversize,Every 2 weeks,Updates on interest
Alan Hwang,9,6,4806,1,1,1,111,jeans,Every 2 days,Every update
Alan Schoenberger,5,22,4261,1,4,1,141,hats,Every 2 days,Every update
Alan Shonely,7,192,585,4,2,4,424,hats,Every 2 weeks,Updates on interest
Alejandro Ballentine,9,166,914,3,1,4,314,tracksuits,Every week,Every update
Alejandro Grove,5,278,2584,4,4,2,442,polo,Every 2 weeks,Updates on interest
Alejandro Savely,6,19,3214,1,3,2,132,oversize,Every 2 days,Every update
Aleksandra Gannaway,4,118,368,3,4,4,344,shirt,Every 2 weeks,Updates on interest
Alex Avila,5,184,5564,4,4,1,441,hats,Every 2 days,Every update
Alex Grayson,5,8,662,1,4,4,144,polo,Every 2 days,Every update
Alex Russell,4,111,1056,3,4,4,344,shirt,Every 2 weeks,Updates on interest
Alice McCarthy,5,28,814,1,4,4,144,oversize,Every 2 days,Every update
Allen Armold,9,19,1057,1,1,4,114,hoodies,Every 2 days,Every update
Allen Goldenen,5,114,201,3,4,4,344,shoes,Every 2 weeks,Updates on interest
Allen Rosenblatt,5,125,2236,3,4,3,343,polo,Every 2 weeks,Updates on interest
Alyssa Crouse,3,232,926,4,4,4,444,trendy sections,Once a month,No updates
Alyssa Tate,6,21,1171,1,3,3,133,hoodies,Every 2 days,Every update
Amy Cox,7,11,5528,1,2,1,121,formals,Every 2 days,Every update
Amy Hunt,5,230,2496,4,4,2,442,formals,Every 2 weeks,Updates on interest
Andrew Allen,4,259,1791,4,4,3,443,shoes,Every 2 weeks,Updates on interest
Andrew Gjertsen,8,78,2356,3,2,2,322,tracksuits,Every 2 weeks,Updates on interest
Andrew Roberts,5,14,265,1,4,4,144,joggers,Every 2 days,Every update
Andy Gerbode,4,845,1456,4,4,3,443,jeans,Every 2 weeks,Updates on interest
Andy Reiter,6,6,6609,1,3,1,131,trendy sections,Every 2 days,Every update
Andy Yotov,4,14,497,1,4,4,144,tracksuits,Every 2 days,Every update
Anemone Ratner,1,534,88,4,4,4,444,oversize,Once a month,No updates
Angele Hood,4,21,738,1,4,4,144,tracksuits,Every 2 days,Every update
Ann Blume,4,50,1515,2,4,3,243,joggers,Every 2 weeks,Updates on interest
Ann Chong,5,6,2538,1,4,2,142,oversize,Every 2 days,Every update
Ann Steele,7,92,833,3,2,4,324,trendy sections,Every 2 weeks,Updates on interest
Anna Andreadi,6,55,5087,2,3,1,231,joggers,Every 2 days,Every update
Anna Chung,5,282,658,4,4,4,444,shirt,Once a month,No updates
Anna Gayman,7,97,3488,3,2,2,322,jeans,Every 2 weeks,Updates on interest
Anna Hberlin,12,410,7888,4,1,1,411,trendy sections,Every 2 days,Every update
Anne McFarland,8,162,5664,3,2,1,321,shirt,Every 2 days,Every update
Anne Pryor,8,41,1638,2,2,3,223,shoes,Every 2 weeks,Updates on interest
Annie Thurman,10,13,3831,1,1,1,111,trendy sections,Every 2 days,Every update
Annie Zypern,6,160,1623,3,3,3,333,shoes,Every 2 weeks,Updates on interest
Anthony Garverick,4,77,171,3,4,4,344,oversize,Every 2 weeks,Updates on interest
Anthony Jacobs,7,75,4868,2,2,1,221,shirt,Every 2 days,Every update
Anthony Johnson,7,166,4502,3,2,1,321,jeans,Every 2 days,Every update
Anthony O'Donnell,1,501,161,4,4,4,444,joggers,Once a month,No updates
Anthony Rawles,8,58,4523,2,2,1,221,hats,Every 2 days,Every update
Anthony Witt,4,20,649,1,4,4,144,tracksuits,Every 2 days,Every update
Arianne Irving,10,13,4376,1,1,1,111,hoodies,Every 2 days,Every update
Art Ferguson,7,41,2052,2,2,3,223,jeans,Every 2 weeks,Updates on interest
Art Foster,4,415,862,4,4,4,444,shirt,Once a month,No updates
Arthur Gainer,10,96,4511,3,1,1,311,hats,Every 2 days,Every update
Arthur Prichep,10,98,3324,3,1,2,312,jeans,Every week,Every update
Arthur Wiediger,7,46,2853,2,2,2,222,shirt,Every 2 weeks,Updates on interest
Ashley Jarboe,7,85,1838,3,2,3,323,polo,Every 2 weeks,Updates on interest
Astrea Jones,3,74,629,2,4,4,244,polo,Every 2 weeks,Updates on interest
Barbara Fisher,7,91,600,3,2,4,324,shoes,Every 2 weeks,Updates on interest
Barry Blumstein,5,105,744,3,4,4,344,jeans,Every 2 weeks,Updates on interest
Barry Franz,4,39,1334,2,4,3,243,polo,Every 2 weeks,Updates on interest
Barry Franzsisch,8,74,2889,2,2,2,222,shirt,Every 2 weeks,Updates on interest
Barry Gonzalez,8,28,2799,1,2,2,122,shoes,Every 2 days,Every update
Barry Pond,5,83,983,3,4,4,344,shirt,Every 2 weeks,Updates on interest
Barry Weirich,3,212,386,4,4,4,444,shoes,Once a month,No updates
Bart Folk,3,25,274,1,4,4,144,jeans,Every 2 days,Every update
Bart Pistole,12,17,2441,1,1,2,112,hats,Every 2 days,Every update
Bart Watters,8,121,4751,3,2,1,321,joggers,Every 2 days,Every update
Becky Castell,9,202,2934,4,1,2,412,trendy sections,Every week,Every update
Becky Martin,4,307,11790,4,4,1,441,hats,Every 2 days,Every update
Becky Pak,6,89,1698,3,3,3,333,oversize,Every 2 weeks,Updates on interest
Ben Ferrer,11,16,5907,1,1,1,111,shirt,Every 2 days,Every update
Ben Peterman,9,1,3675,1,1,2,112,oversize,Every 2 days,Every update
Ben Wallace,6,203,1739,4,3,3,433,hats,Every 2 weeks,Updates on interest
Benjamin Farhat,4,65,1586,2,4,3,243,shoes,Every 2 weeks,Updates on interest
Benjamin Patterson,5,39,1182,2,4,3,243,trendy sections,Every 2 weeks,Updates on interest
Benjamin Venier,5,334,1522,4,4,3,443,trendy sections,Every 2 weeks,Updates on interest
Berenike Kampe,6,77,660,3,3,4,334,hoodies,Every 2 weeks,Updates on interest
Beth Fritzler,3,57,792,2,4,4,244,trendy sections,Every 2 weeks,Updates on interest
Beth Paige,7,12,2474,1,2,2,122,joggers,Every 2 days,Every update
Beth Thompson,5,336,2568,4,4,2,442,trendy sections,Every 2 weeks,Updates on interest
Bill Donatelli,12,33,5719,2,1,1,211,hats,Every 2 days,Every update
Bill Eplett,5,119,4205,3,4,1,341,hoodies,Every 2 days,Every update
Bill Overfelt,5,137,2684,3,4,2,342,hats,Every 2 weeks,Updates on interest
Bill Shonely,5,558,10502,4,4,1,441,hats,Every 2 days,Every update
Bill Stewart,5,28,3888,1,4,1,141,formals,Every 2 days,Every update
Bill Tyler,6,302,2187,4,3,3,433,tracksuits,Every 2 weeks,Updates on interest
Bobby Elias,5,98,2262,3,4,2,342,hoodies,Every 2 weeks,Updates on interest
Bobby Odegard,2,75,131,2,4,4,244,hats,Every 2 weeks,Updates on interest
Bobby Trafton,4,560,604,4,4,4,444,tracksuits,Once a month,No updates
Brad Eason,6,254,1727,4,3,3,433,tracksuits,Every 2 weeks,Updates on interest
Brad Norvell,4,24,266,1,4,4,144,hoodies,Every 2 days,Every update
Brad Thomas,2,659,415,4,4,4,444,formals,Once a month,No updates
Bradley Drucker,6,35,4411,2,3,1,231,oversize,Every 2 days,Every update
Bradley Nguyen,5,9,1460,1,4,3,143,shoes,Every 2 days,Every update
Bradley Talbott,5,91,2685,3,4,2,342,joggers,Every 2 weeks,Updates on interest
Brenda Bowman,9,28,6766,1,1,1,111,shoes,Every 2 days,Every update
Brendan Dodson,2,278,321,4,4,4,444,trendy sections,Once a month,No updates
Brendan Murry,6,100,809,3,3,4,334,joggers,Every 2 weeks,Updates on interest
Brendan Sweed,6,35,2454,2,3,2,232,trendy sections,Every 2 weeks,Updates on interest
Brian Dahlen,7,97,3289,3,2,2,322,hats,Every 2 weeks,Updates on interest
Brian DeCherney,6,69,1539,2,3,3,233,shirt,Every 2 weeks,Updates on interest
Brian Derr,3,9,583,1,4,4,144,hoodies,Every 2 days,Every update
Brian Moss,11,33,7295,2,1,1,211,joggers,Every 2 days,Every update
Brian Stugart,3,582,3288,4,4,2,442,joggers,Every 2 weeks,Updates on interest
Brian Thompson,7,20,3196,1,2,2,122,hats,Every 2 days,Every update
Brooke Gillingham,6,36,1873,2,3,3,233,oversize,Every 2 weeks,Updates on interest
Brosina Hoffman,8,23,6255,1,2,1,121,tracksuits,Every 2 days,Every update
Bruce Degenhardt,6,93,1527,3,3,3,333,hats,Every 2 weeks,Updates on interest
Bruce Geld,6,57,1006,2,3,4,234,polo,Every 2 weeks,Updates on interest
Bruce Stewart,7,1,2563,1,2,2,122,formals,Every 2 days,Every update
Bryan Davis,6,327,658,4,3,4,434,tracksuits,Every 2 weeks,Updates on interest
Bryan Mills,10,218,1339,4,1,3,413,hoodies,Every week,Every update
Bryan Spruell,2,265,950,4,4,4,444,tracksuits,Once a month,No updates
Candace McMahon,6,131,1674,3,3,3,333,oversize,Every 2 weeks,Updates on interest
Cari Sayre,5,91,1279,3,4,3,343,tracksuits,Every 2 weeks,Updates on interest
Cari Schnelling,6,162,537,3,3,4,334,hoodies,Every 2 weeks,Updates on interest
Carl Jackson,1,365,17,4,4,4,444,oversize,Once a month,No updates
Carl Ludwig,4,106,1263,3,4,3,343,shoes,Every 2 weeks,Updates on interest
Carl Weiss,6,22,1138,1,3,4,134,joggers,Every 2 days,Every update
Carlos Daly,5,40,2035,2,4,3,243,joggers,Every 2 weeks,Updates on interest
Carlos Meador,2,708,565,4,4,4,444,formals,Once a month,No updates
Carlos Soltero,11,25,3038,1,1,2,112,trendy sections,Every 2 days,Every update
Carol Adams,6,96,3790,3,3,1,331,shoes,Every 2 days,Every update
Carol Darley,3,54,640,2,4,4,244,shoes,Every 2 weeks,Updates on interest
Carol Triggs,8,96,3242,3,2,2,322,tracksuits,Every 2 weeks,Updates on interest
Caroline Jumper,8,189,11166,4,2,1,421,joggers,Every 2 days,Every update
Cassandra Brandow,10,47,6076,2,1,1,211,hoodies,Every 2 days,Every update
Catherine Glotzbach,6,49,905,2,3,4,234,jeans,Every 2 weeks,Updates on interest
Cathy Armstrong,5,401,1680,4,4,3,443,jeans,Every 2 weeks,Updates on interest
Cathy Hwang,3,691,1537,4,4,3,443,oversize,Every 2 weeks,Updates on interest
Cathy Prescott,8,82,5402,3,2,1,321,joggers,Every 2 days,Every update
Chad Cunningham,6,457,1771,4,3,3,433,joggers,Every 2 weeks,Updates on interest
Chad McGuire,4,8,1662,1,4,3,143,formals,Every 2 days,Every update
Chad Sievert,4,489,885,4,4,4,444,jeans,Once a month,No updates
Charles Crestani,7,106,2472,3,2,2,322,joggers,Every 2 weeks,Updates on interest
Charles McCrossin,6,26,2533,1,3,2,132,formals,Every 2 days,Every update
Charles Sheldon,5,232,844,4,4,4,444,tracksuits,Once a month,No updates
Charlotte Melton,6,8,1475,1,3,3,133,polo,Every 2 days,Every update
Chloris Kastensmidt,13,39,3157,2,1,2,212,shirt,Every week,Every update
Chris Cortes,12,20,3913,1,1,1,111,shoes,Every 2 days,Every update
Chris McAfee,5,385,2307,4,4,2,442,trendy sections,Every 2 weeks,Updates on interest
Chris Selesnick,12,26,2754,1,1,2,112,oversize,Every 2 days,Every update
Christina Anderson,9,56,2648,2,1,2,212,polo,Every week,Every update
Christina DeMoss,2,42,1206,2,4,3,243,jeans,Every 2 weeks,Updates on interest
Christina VanderZanden,5,254,2830,4,4,2,442,formals,Every 2 weeks,Updates on interest
Christine Abelman,4,13,1422,1,4,3,143,shoes,Every 2 days,Every update
Christine Kargatis,5,120,2946,3,4,2,342,joggers,Every 2 weeks,Updates on interest
Christine Phan,8,160,5889,3,2,1,321,trendy sections,Every 2 days,Every update
Christine Sundaresam,11,6,3202,1,1,2,112,joggers,Every 2 days,Every update
Christopher Conant,5,43,12129,2,4,1,241,hoodies,Every 2 days,Every update
Christopher Martinez,4,37,8953,2,4,1,241,hoodies,Every 2 days,Every update
Christopher Schild,9,2,3651,1,1,2,112,trendy sections,Every 2 days,Every update
Christy Brittain,8,26,1950,1,2,3,123,formals,Every 2 days,Every update
Chuck Clark,10,0,2870,1,1,2,112,trendy sections,Every 2 days,Every update
Chuck Magee,3,436,288,4,4,4,444,jeans,Once a month,No updates
Chuck Sachs,2,27,551,1,4,4,144,trendy sections,Every 2 days,Every update
Cindy Chapman,9,39,1660,2,1,3,213,tracksuits,Every week,Every update
Cindy Schnelling,4,424,1077,4,4,4,444,joggers,Once a month,No updates
Cindy Stewart,6,58,5691,2,3,1,231,polo,Every 2 days,Every update
Claire Gute,3,338,1149,4,4,3,443,hats,Every 2 weeks,Updates on interest
Claudia Bergmann,8,197,4246,4,2,1,421,formals,Every 2 days,Every update
Clay Cheatham,3,27,113,1,4,4,144,trendy sections,Every 2 days,Every update
Clay Ludtke,12,284,10879,4,1,1,411,oversize,Every 2 days,Every update
Clay Rozendal,4,57,2149,2,4,3,243,hoodies,Every 2 weeks,Updates on interest
Clytie Kelty,11,43,2373,2,1,2,212,tracksuits,Every week,Every update
Corey Catlett,7,34,2541,2,2,2,222,shoes,Every 2 weeks,Updates on interest
Corey Roper,3,470,476,4,4,4,444,hats,Once a month,No updates
Corey-Lock,5,549,1300,4,4,3,443,formals,Every 2 weeks,Updates on interest
Corinna Mitchell,6,27,6339,1,3,1,131,polo,Every 2 days,Every update
Craig Carreira,7,29,2270,1,2,2,122,hats,Every 2 days,Every update
Craig Carroll,4,799,2854,4,4,2,442,trendy sections,Every 2 weeks,Updates on interest
Craig Leslie,5,105,2353,3,4,2,342,jeans,Every 2 weeks,Updates on interest
Craig Molinari,4,1035,3985,4,4,1,441,hoodies,Every 2 days,Every update
Craig Reiter,4,78,1600,3,4,3,343,hoodies,Every 2 weeks,Updates on interest
Craig Yedwab,8,60,2900,2,2,2,222,shoes,Every 2 weeks,Updates on interest
Cyma Kinney,9,82,1581,3,1,3,313,jeans,Every week,Every update
Cynthia Arntzen,7,120,3041,3,2,2,322,joggers,Every 2 weeks,Updates on interest
Cynthia Delaney,5,399,1859,4,4,3,443,shirt,Every 2 weeks,Updates on interest
Cynthia Voltz,9,5,2370,1,1,2,112,tracksuits,Every 2 days,Every update
Cyra Reiten,3,85,1398,3,4,3,343,hoodies,Every 2 weeks,Updates on interest
Damala Kotsonis,12,21,3256,1,1,2,112,oversize,Every 2 days,Every update
Dan Campbell,9,37,3335,2,1,2,212,hoodies,Every week,Every update
Dan Lawera,8,100,1503,3,2,3,323,hats,Every 2 weeks,Updates on interest
Dan Reichenbach,9,3,6528,1,1,1,111,hoodies,Every 2 days,Every update
Dana Kaydos,5,45,4282,2,4,1,241,formals,Every 2 days,Every update
Daniel Byrd,8,21,2172,1,2,3,123,hoodies,Every 2 days,Every update
Daniel Lacy,6,57,3273,2,3,2,232,shirt,Every 2 weeks,Updates on interest
Daniel Raglin,8,50,8351,2,2,1,221,shirt,Every 2 days,Every update
Dario Medina,7,114,1322,3,2,3,323,polo,Every 2 weeks,Updates on interest
Darren Budd,5,241,2840,4,4,2,442,joggers,Every 2 weeks,Updates on interest
Darren Koutras,5,7,1687,1,4,3,143,oversize,Every 2 days,Every update
Darren Powers,9,126,1052,3,1,4,314,hoodies,Every week,Every update
Darrin Martin,7,57,6346,2,2,1,221,hoodies,Every 2 days,Every update
Darrin Sayre,4,93,1762,3,4,3,343,tracksuits,Every 2 weeks,Updates on interest
Darrin Van Huff,5,19,1121,1,4,4,144,shirt,Every 2 days,Every update
Dave Brooks,7,16,4532,1,2,1,121,oversize,Every 2 days,Every update
Dave Hallsten,6,277,4934,4,3,1,431,shoes,Every 2 days,Every update
Dave Kipp,7,42,2652,2,2,2,222,polo,Every 2 weeks,Updates on interest
Dave Poirier,8,6,2215,1,2,3,123,joggers,Every 2 days,Every update
David Bremer,7,48,2974,2,2,2,222,jeans,Every 2 weeks,Updates on interest
David Flashing,3,700,2391,4,4,2,442,joggers,Every 2 weeks,Updates on interest
David Kendrick,2,10,798,1,4,4,144,formals,Every 2 days,Every update
David Philippe,2,812,1059,4,4,4,444,hats,Once a month,No updates
David Smith,9,23,2881,1,1,2,112,formals,Every 2 days,Every update
David Wiener,6,69,1080,2,3,4,234,hoodies,Every 2 weeks,Updates on interest
Dean Braden,10,9,2333,1,1,2,112,polo,Every 2 days,Every update
Dean Katz,9,10,4801,1,1,1,111,hats,Every 2 days,Every update
Dean percer,11,84,7199,3,1,1,311,oversize,Every 2 days,Every update
Deanra Eno,5,719,2550,4,4,2,442,jeans,Every 2 weeks,Updates on interest
Deborah Brumfield,8,53,4656,2,2,1,221,shirt,Every 2 days,Every update
Debra Catini,5,23,1174,1,4,3,143,polo,Every 2 days,Every update
Deirdre Greer,5,32,3195,2,4,2,242,polo,Every 2 weeks,Updates on interest
Delfina Latchford,8,22,1459,1,2,3,123,formals,Every 2 days,Every update
Denise Leinenbach,4,57,584,2,4,4,244,hoodies,Every 2 weeks,Updates on interest
Denise Monton,8,22,4075,1,2,1,121,trendy sections,Every 2 days,Every update
Dennis Bolton,5,264,1081,4,4,4,444,formals,Once a month,No updates
Dennis Kane,8,19,3317,1,2,2,122,polo,Every 2 days,Every update
Dennis Pardue,9,358,5482,4,1,1,411,tracksuits,Every 2 days,Every update
Denny Blanton,4,187,1711,4,4,3,443,jeans,Every 2 weeks,Updates on interest
Denny Joy,4,637,2012,4,4,3,443,formals,Every 2 weeks,Updates on interest
Denny Ordway,9,133,1299,3,1,3,313,jeans,Every week,Every update
Dianna Arnett,4,352,158,4,4,4,444,tracksuits,Once a month,No updates
Dianna Vittorini,6,29,3342,1,3,2,132,shoes,Every 2 days,Every update
Dianna Wilson,5,217,5272,4,4,1,441,tracksuits,Every 2 days,Every update
Dionis Lloyd,8,76,3540,3,2,2,322,tracksuits,Every 2 weeks,Updates on interest
Don Jones,8,48,2502,2,2,2,222,jeans,Every 2 weeks,Updates on interest
Don Miller,3,481,1377,4,4,3,443,joggers,Every 2 weeks,Updates on interest
Don Weiss,5,98,343,3,4,4,344,jeans,Every 2 weeks,Updates on interest
Dorothy Badders,7,107,3908,3,2,1,321,trendy sections,Every 2 days,Every update
Dorothy Dickinson,6,41,269,2,3,4,234,hoodies,Every 2 weeks,Updates on interest
Dorothy Wardle,7,242,1205,4,2,3,423,hats,Every 2 weeks,Updates on interest
Dorris liebe,5,119,756,3,4,4,344,joggers,Every 2 weeks,Updates on interest
Doug Bickford,7,33,1988,2,2,3,223,shirt,Every 2 weeks,Updates on interest
Doug Jacobs,3,12,3357,1,4,2,142,hats,Every 2 days,Every update
Doug O'Connell,7,26,1268,1,2,3,123,hoodies,Every 2 days,Every update
Duane Benoit,7,12,1156,1,2,3,123,formals,Every 2 days,Every update
Duane Huffman,4,776,1043,4,4,4,444,trendy sections,Once a month,No updates
Duane Noonan,7,217,2139,4,2,3,423,trendy sections,Every 2 weeks,Updates on interest
Ed Braxton,9,48,3645,2,1,2,212,shirt,Every week,Every update
Ed Jacobs,4,302,2163,4,4,3,443,joggers,Every 2 weeks,Updates on interest
Ed Ludwig,2,77,125,3,4,4,344,shoes,Every 2 weeks,Updates on interest
Edward Becker,10,35,3236,2,1,2,212,tracksuits,Every week,Every update
Edward Hooks,12,135,10311,3,1,1,311,joggers,Every 2 days,Every update
Edward Nazzal,4,287,2200,4,4,3,443,shoes,Every 2 weeks,Updates on interest
Eileen Kiefer,4,44,1302,2,4,3,243,trendy sections,Every 2 weeks,Updates on interest
Eleni McCrary,5,132,2567,3,4,2,342,jeans,Every 2 weeks,Updates on interest
Elizabeth Moffitt,8,55,2340,2,2,2,222,hoodies,Every 2 weeks,Updates on interest
Ellis Ballard,5,90,4359,3,4,1,341,shirt,Every 2 days,Every update
Elpida Rittenbach,3,421,1246,4,4,3,443,hoodies,Every 2 weeks,Updates on interest
Emily Burns,10,100,2768,3,1,2,312,oversize,Every week,Every update
Emily Ducich,8,135,3486,3,2,2,322,oversize,Every 2 weeks,Updates on interest
Emily Grady,5,22,1832,1,4,3,143,formals,Every 2 days,Every update
Emily Phan,17,12,5479,1,1,1,111,joggers,Every 2 days,Every update
Eric Barreto,5,161,944,3,4,4,344,trendy sections,Every 2 weeks,Updates on interest
Eric Hoffmann,8,217,684,4,2,4,424,trendy sections,Every 2 weeks,Updates on interest
Eric Murdock,5,151,934,3,4,4,344,tracksuits,Every 2 weeks,Updates on interest
Erica Bern,4,0,1644,1,4,3,143,tracksuits,Every 2 days,Every update
Erica Hackney,6,405,826,4,3,4,434,tracksuits,Every 2 weeks,Updates on interest
Erica Hernandez,7,2,1220,1,2,3,123,jeans,Every 2 days,Every update
Erica Smith,5,40,3511,2,4,2,242,hats,Every 2 weeks,Updates on interest
Erin Ashbrook,13,152,2847,3,1,2,312,polo,Every week,Every update
Erin Creighton,5,53,462,2,4,4,244,hats,Every 2 weeks,Updates on interest
Erin Mull,4,47,229,2,4,4,244,hoodies,Every 2 weeks,Updates on interest
Erin Smith,9,28,4659,1,1,1,111,hats,Every 2 days,Every update
Eudokia Martin,4,113,1040,3,4,4,344,jeans,Every 2 weeks,Updates on interest
Eugene Barchas,6,113,3072,3,3,2,332,formals,Every 2 weeks,Updates on interest
Eugene Hildebrand,10,152,3083,3,1,2,312,hoodies,Every week,Every update
Eugene Moren,6,48,4589,2,3,1,231,hats,Every 2 days,Every update
Eva Jacobs,5,57,2657,2,4,2,242,jeans,Every 2 weeks,Updates on interest
Evan Bailliet,6,82,1187,3,3,3,333,polo,Every 2 weeks,Updates on interest
Evan Henry,6,105,924,3,3,4,334,hats,Every 2 weeks,Updates on interest
Evan Minnotte,3,158,367,3,4,4,344,jeans,Every 2 weeks,Updates on interest
Filia McAdams,10,7,2456,1,1,2,112,tracksuits,Every 2 days,Every update
Frank Atkinson,7,97,2983,3,2,2,322,trendy sections,Every 2 weeks,Updates on interest
Frank Carlisle,7,70,3419,2,2,2,222,tracksuits,Every 2 weeks,Updates on interest
Frank Gastineau,7,34,1383,2,2,3,223,trendy sections,Every 2 weeks,Updates on interest
Frank Hawley,10,37,4256,2,1,1,211,shirt,Every 2 days,Every update
Frank Merwin,9,36,3737,2,1,2,212,shirt,Every week,Every update
Frank Olsen,10,38,2680,2,1,2,212,shirt,Every week,Every update
Frank Preis,8,23,4047,1,2,1,121,polo,Every 2 days,Every update
Fred Chung,7,184,3889,4,2,1,421,tracksuits,Every 2 days,Every update
Fred Harton,4,212,2271,4,4,2,442,trendy sections,Every 2 weeks,Updates on interest
Fred Hopkins,8,5,6987,1,2,1,121,jeans,Every 2 days,Every update
Fred McMath,9,145,2523,3,1,2,312,hoodies,Every week,Every update
Fred Wasserman,3,362,81,4,4,4,444,jeans,Once a month,No updates
Gary Hansen,9,75,2819,2,1,2,212,hoodies,Every week,Every update
Gary Hwang,4,50,4174,2,4,1,241,oversize,Every 2 days,Every update
Gary McGarr,7,83,3584,3,2,2,322,jeans,Every 2 weeks,Updates on interest
Gary Mitchum,6,16,3078,1,3,2,132,hats,Every 2 days,Every update
Gary Zandusky,9,7,4354,1,1,1,111,hats,Every 2 days,Every update
Gene Hale,2,387,1361,4,4,3,443,joggers,Every 2 weeks,Updates on interest
Gene McClure,10,106,1255,3,1,3,313,tracksuits,Every week,Every update
George Ashbrook,8,149,3921,3,2,1,321,hoodies,Every 2 days,Every update
George Bell,11,62,1570,2,1,3,213,hoodies,Every week,Every update
George Zrebassa,4,157,2454,3,4,2,342,formals,Every 2 weeks,Updates on interest
Georgia Rosenberg,2,1136,1284,4,4,3,443,tracksuits,Every 2 weeks,Updates on interest
Giulietta Baptist,5,13,4716,1,4,1,141,polo,Every 2 days,Every update
Giulietta Dortch,4,5,1888,1,4,3,143,joggers,Every 2 days,Every update
Giulietta Weimer,7,28,2190,1,2,3,123,polo,Every 2 days,Every update
Grace Kelly,9,112,6499,3,1,1,311,polo,Every 2 days,Every update
Grant Thornton,3,56,9350,2,4,1,241,polo,Every 2 days,Every update
Greg Guthrie,9,43,2223,2,1,3,213,tracksuits,Every week,Every update
Greg Hansen,2,2,147,1,4,4,144,polo,Every 2 days,Every update
Greg Matthias,6,152,3164,3,3,2,332,hats,Every 2 weeks,Updates on interest
Greg Maxwell,3,117,6050,3,4,1,341,formals,Every 2 days,Every update
Greg Tran,11,36,11820,2,1,1,211,formals,Every 2 days,Every update
Guy Armstrong,11,5,1398,1,1,3,113,shirt,Every 2 days,Every update
Guy Phonely,2,765,237,4,4,4,444,oversize,Once a month,No updates
Guy Thornton,4,34,227,2,4,4,244,hoodies,Every 2 weeks,Updates on interest
Hallie Redmond,5,13,1299,1,4,3,143,hoodies,Every 2 days,Every update
Harold Dahlen,3,769,251,4,4,4,444,oversize,Once a month,No updates
Harold Engle,4,12,884,1,4,4,144,tracksuits,Every 2 days,Every update
Harold Pawlan,7,30,1990,1,2,3,123,jeans,Every 2 days,Every update
Harold Ryan,7,159,5249,3,2,1,321,tracksuits,Every 2 days,Every update
Harry Greene,5,54,785,2,4,4,244,hoodies,Every 2 weeks,Updates on interest
Harry Marie,10,2,8237,1,1,1,111,hoodies,Every 2 days,Every update
Heather Jas,5,126,359,3,4,4,344,oversize,Every 2 weeks,Updates on interest
Heather Kirkland,8,151,4878,3,2,1,321,polo,Every 2 days,Every update
Helen Abelman,7,69,2163,2,2,3,223,tracksuits,Every 2 weeks,Updates on interest
Helen Andreada,8,20,2583,1,2,2,122,trendy sections,Every 2 days,Every update
Helen Wasserman,8,117,9299,3,2,1,321,oversize,Every 2 days,Every update
Henia Zydlo,5,35,886,2,4,4,244,hats,Every 2 weeks,Updates on interest
Henry Goldwyn,12,23,3249,1,1,2,112,hoodies,Every 2 days,Every update
Henry MacAllister,4,247,737,4,4,4,444,oversize,Once a month,No updates
Herbert Flentye,7,21,2533,1,2,2,122,tracksuits,Every 2 days,Every update
Hilary Holden,2,72,218,2,4,4,244,hoodies,Every 2 weeks,Updates on interest
Hunter Glantz,7,6,3690,1,2,2,122,jeans,Every 2 days,Every update
Hunter Lopez,6,43,12874,2,3,1,231,oversize,Every 2 days,Every update
Ionia McGrath,3,409,2872,4,4,2,442,joggers,Every 2 weeks,Updates on interest
Irene Maddox,7,390,4931,4,2,1,421,hoodies,Every 2 days,Every update
Ivan Gibson,4,71,744,2,4,4,244,tracksuits,Every 2 weeks,Updates on interest
Ivan Liston,7,142,5040,3,2,1,321,shirt,Every 2 days,Every update
Jack Garza,3,758,2358,4,4,2,442,trendy sections,Every 2 weeks,Updates on interest
Jack Lebron,6,8,1215,1,3,3,133,shoes,Every 2 days,Every update
Jack O'Briant,9,57,3256,2,1,2,212,polo,Every week,Every update
James Galang,11,1,6367,1,1,1,111,shoes,Every 2 days,Every update
James Lanier,5,6,1572,1,4,3,143,tracksuits,Every 2 days,Every update
Jamie Frazer,7,65,2279,2,2,2,222,hats,Every 2 weeks,Updates on interest
Jamie Kunitz,5,61,4427,2,4,1,241,hats,Every 2 days,Every update
Jane Waco,6,42,7722,2,3,1,231,shirt,Every 2 days,Every update
Janet Lee,5,119,2203,3,4,3,343,polo,Every 2 weeks,Updates on interest
Janet Martin,6,37,3159,2,3,2,232,joggers,Every 2 weeks,Updates on interest
Janet Molinari,5,37,1804,2,4,3,243,shirt,Every 2 weeks,Updates on interest
Jas O'Carroll,6,92,1935,3,3,3,333,formals,Every 2 weeks,Updates on interest
Jason Fortune-,5,225,955,4,4,4,444,shoes,Once a month,No updates
Jason Gross,6,2,2241,1,3,3,133,shirt,Every 2 days,Every update
Jason Klamczynski,3,287,384,4,4,4,444,shoes,Once a month,No updates
Jasper Cacioppo,4,114,72,3,4,4,344,hoodies,Every 2 weeks,Updates on interest
Jay Fein,6,105,1913,3,3,3,333,hats,Every 2 weeks,Updates on interest
Jay Kimmel,8,44,2710,2,2,2,222,hoodies,Every 2 weeks,Updates on interest
Jenna Caffey,1,175,1058,3,4,4,344,trendy sections,Every 2 weeks,Updates on interest
Jennifer Braxton,10,7,1792,1,1,3,113,formals,Every 2 days,Every update
Jennifer Ferguson,6,2,2372,1,3,2,132,polo,Every 2 days,Every update
Jennifer Halladay,4,5,310,1,4,4,144,joggers,Every 2 days,Every update
Jennifer Jackson,5,483,710,4,4,4,444,shoes,Once a month,No updates
Jennifer Patt,7,37,1669,2,2,3,223,joggers,Every 2 weeks,Updates on interest
Jeremy Ellison,6,193,1388,4,3,3,433,shoes,Every 2 weeks,Updates on interest
Jeremy Farry,11,121,1082,3,1,4,314,tracksuits,Every week,Every update
Jeremy Lonsdale,6,49,3173,2,3,2,232,shirt,Every 2 weeks,Updates on interest
Jeremy Pistek,7,8,3636,1,2,2,122,trendy sections,Every 2 days,Every update
Jessica Myrick,7,102,1733,3,2,3,323,hats,Every 2 weeks,Updates on interest
Jesus Ocampo,5,215,1091,4,4,4,444,shoes,Once a month,No updates
Jill Fjeld,8,54,4198,2,2,1,221,joggers,Every 2 days,Every update
Jill Matthias,5,0,304,1,4,4,144,trendy sections,Every 2 days,Every update
Jill Stevenson,4,119,1418,3,4,3,343,jeans,Every 2 weeks,Updates on interest
Jim Epp,7,48,7755,2,2,1,221,jeans,Every 2 days,Every update
Jim Karlsson,7,61,3761,2,2,2,222,hoodies,Every 2 weeks,Updates on interest
Jim Kriz,9,180,4762,3,1,1,311,hats,Every 2 days,Every update
Jim Mitchum,5,8,865,1,4,4,144,tracksuits,Every 2 days,Every update
Jim Radford,2,593,1157,4,4,3,443,joggers,Every 2 weeks,Updates on interest
Jim Sink,4,42,1131,2,4,4,244,shirt,Every 2 weeks,Updates on interest
Jocasta Rupert,1,68,864,2,4,4,244,shirt,Every 2 weeks,Updates on interest
Joe Elijah,10,46,8698,2,1,1,211,joggers,Every 2 days,Every update
Joe Kamberova,10,84,4866,3,1,1,311,polo,Every 2 days,Every update
Joel Eaton,13,51,6761,2,1,1,211,tracksuits,Every 2 days,Every update
Joel Jenkins,2,753,195,4,4,4,444,trendy sections,Once a month,No updates
John Castell,9,158,2773,3,1,2,312,shoes,Every week,Every update
John Dryer,5,117,2153,3,4,3,343,polo,Every 2 weeks,Updates on interest
John Grady,6,223,1507,4,3,3,433,shoes,Every 2 weeks,Updates on interest
John Huston,6,174,529,3,3,4,334,shoes,Every 2 weeks,Updates on interest
John Lee,11,21,9801,1,1,1,111,polo,Every 2 days,Every update
John Lucas,6,614,2725,4,3,2,432,hoodies,Every 2 weeks,Updates on interest
John Murray,7,109,7624,3,2,1,321,jeans,Every 2 days,Every update
John Stevenson,5,534,3868,4,4,1,441,shoes,Every 2 days,Every update
Jonathan Doherty,11,394,7610,4,1,1,411,polo,Every 2 days,Every update
Jonathan Howell,7,41,959,2,2,4,224,polo,Every 2 weeks,Updates on interest
Joni Blumstein,3,737,900,4,4,4,444,formals,Once a month,No updates
Joni Sundaresam,5,463,470,4,4,4,444,oversize,Once a month,No updates
Joni Wasserman,7,5,1243,1,2,3,123,hoodies,Every 2 days,Every update
Joseph Airdo,8,92,6492,3,2,1,321,hats,Every 2 days,Every update
Joseph Holt,6,29,7955,1,3,1,131,oversize,Every 2 days,Every update
Joy Bell-,7,43,644,2,2,4,224,oversize,Every 2 weeks,Updates on interest
Joy Daniels,6,112,386,3,3,4,334,joggers,Every 2 weeks,Updates on interest
Joy Smith,6,28,2517,1,3,2,132,jeans,Every 2 days,Every update
Julia Barnett,5,7,2518,1,4,2,142,polo,Every 2 days,Every update
Julia Dunbar,3,300,696,4,4,4,444,jeans,Once a month,No updates
Julia West,4,461,1429,4,4,3,443,tracksuits,Every 2 weeks,Updates on interest
Juliana Krohn,3,28,3748,1,4,2,142,joggers,Every 2 days,Every update
Julie Creighton,5,57,858,2,4,4,244,hats,Every 2 weeks,Updates on interest
Julie Kriz,10,117,2934,3,1,2,312,jeans,Every week,Every update
Julie Prescott,9,102,1707,3,1,3,313,shirt,Every week,Every update
Justin Deggeller,8,41,8828,2,2,1,221,shoes,Every 2 days,Every update
Justin Ellison,3,20,2698,1,4,2,142,tracksuits,Every 2 days,Every update
Justin Hirsh,4,404,2257,4,4,3,443,hoodies,Every 2 weeks,Updates on interest
Justin MacKendrick,10,57,2834,2,1,2,212,hats,Every week,Every update
Justin Ritter,5,33,2202,2,4,3,243,tracksuits,Every 2 weeks,Updates on interest
Kalyca Meade,6,14,2260,1,3,2,132,shoes,Every 2 days,Every update
Karen Bern,7,4,3153,1,2,2,122,joggers,Every 2 days,Every update
Karen Carlisle,6,407,2121,4,3,3,433,shoes,Every 2 weeks,Updates on interest
Karen Daniels,5,484,8282,4,4,1,441,oversize,Every 2 days,Every update
Karen Ferguson,7,97,10605,3,2,1,321,shoes,Every 2 days,Every update
Karen Seio,3,295,89,4,4,4,444,oversize,Once a month,No updates
Karl Braun,9,296,1570,4,1,3,413,joggers,Every week,Every update
Katharine Harms,8,40,3313,2,2,2,222,trendy sections,Every 2 weeks,Updates on interest
Katherine Ducich,6,41,1889,2,3,3,233,oversize,Every 2 weeks,Updates on interest
Katherine Hughes,6,1,3101,1,3,2,132,hoodies,Every 2 days,Every update
Katherine Murray,8,56,5620,2,2,1,221,shoes,Every 2 days,Every update
Katherine Nockton,9,19,2618,1,1,2,112,shoes,Every 2 days,Every update
Katrina Bavinger,3,117,909,3,4,4,344,hoodies,Every 2 weeks,Updates on interest
Katrina Edelman,8,26,1686,1,2,3,123,shirt,Every 2 days,Every update
Katrina Willman,5,96,4417,3,4,1,341,polo,Every 2 days,Every update
Kean Nguyen,5,52,2172,2,4,3,243,trendy sections,Every 2 weeks,Updates on interest
Kean Takahito,7,391,3059,4,2,2,422,hats,Every 2 weeks,Updates on interest
Kean Thornton,10,100,4643,3,1,1,311,oversize,Every 2 days,Every update
Keith Dawkins,12,112,8182,3,1,1,311,hoodies,Every 2 days,Every update
Keith Herrera,7,22,5953,1,2,1,121,joggers,Every 2 days,Every update
Kelly Andreada,7,36,1520,2,2,3,223,oversize,Every 2 weeks,Updates on interest
Kelly Collister,4,97,3908,3,4,1,341,polo,Every 2 days,Every update
Kelly Lampkin,8,16,5016,1,2,1,121,joggers,Every 2 days,Every update
Kelly Williams,4,771,449,4,4,4,444,tracksuits,Once a month,No updates
Ken Black,12,230,2746,4,1,2,412,shoes,Every week,Every update
Ken Brennan,7,1,984,1,2,4,124,tracksuits,Every 2 days,Every update
Ken Dana,5,289,2244,4,4,3,443,oversize,Every 2 weeks,Updates on interest
Ken Heidel,9,58,3919,2,1,1,211,polo,Every 2 days,Every update
Ken Lonsdale,12,47,14174,2,1,1,211,trendy sections,Every 2 days,Every update
Khloe Miller,5,15,454,1,4,4,144,oversize,Every 2 days,Every update
Kimberly Carter,4,57,1145,2,4,4,244,hoodies,Every 2 weeks,Updates on interest
Kristen Hastings,7,2,5991,1,2,1,121,jeans,Every 2 days,Every update
Kristina Nunn,8,98,2281,3,2,2,322,oversize,Every 2 weeks,Updates on interest
Kunst Miller,8,28,4909,1,2,1,121,shoes,Every 2 days,Every update
Larry Blacks,3,48,50,2,4,4,244,shoes,Every 2 weeks,Updates on interest
Larry Hughes,3,151,288,3,4,4,344,oversize,Every 2 weeks,Updates on interest
Larry Tron,3,26,330,1,4,4,144,joggers,Every 2 days,Every update
Laura Armstrong,11,154,8675,3,1,1,311,jeans,Every 2 days,Every update
Laurel Beltran,8,152,4987,3,2,1,321,hoodies,Every 2 days,Every update
Laurel Elliston,6,21,1469,1,3,3,133,oversize,Every 2 days,Every update
Laurel Workman,5,88,2238,3,4,3,343,joggers,Every 2 weeks,Updates on interest
Lauren Leatherbury,6,249,2741,4,3,2,432,shoes,Every 2 weeks,Updates on interest
Lela Donovan,1,552,5,4,4,4,444,shoes,Once a month,No updates
Lena Cacioppo,8,27,2580,1,2,2,122,polo,Every 2 days,Every update
Lena Creighton,12,16,7661,1,1,1,111,oversize,Every 2 days,Every update
Lena Hernandez,9,21,2296,1,1,2,112,jeans,Every 2 days,Every update
Lena Radford,6,26,5142,1,3,1,131,shirt,Every 2 days,Every update
Linda Cazamias,8,41,4492,2,2,1,221,jeans,Every 2 days,Every update
Linda Southworth,6,178,2845,3,3,2,332,shoes,Every 2 weeks,Updates on interest
Lindsay Castell,4,436,3247,4,4,2,442,shoes,Every 2 weeks,Updates on interest
Lindsay Shagiari,9,20,2988,1,1,2,112,tracksuits,Every 2 days,Every update
Lindsay Williams,6,33,3231,2,3,2,232,shoes,Every 2 weeks,Updates on interest
Lisa DeCherney,4,414,1962,4,4,3,443,hoodies,Every 2 weeks,Updates on interest
Lisa Hazard,4,239,318,4,4,4,444,hats,Once a month,No updates
Lisa Ryan,5,132,1879,3,4,3,343,oversize,Every 2 weeks,Updates on interest
Liz Carlisle,5,54,2095,2,4,3,243,jeans,Every 2 weeks,Updates on interest
Liz MacKendrick,5,391,1347,4,4,3,443,hats,Every 2 weeks,Updates on interest
Liz Pelletier,4,40,757,2,4,4,244,joggers,Every 2 weeks,Updates on interest
Liz Preis,7,9,3654,1,2,2,122,shirt,Every 2 days,Every update
Liz Thompson,8,34,2936,2,2,2,222,hoodies,Every 2 weeks,Updates on interest
Liz Willingham,3,205,1259,4,4,3,443,formals,Every 2 weeks,Updates on interest
Logan Currie,9,13,2632,1,1,2,112,jeans,Every 2 days,Every update
Logan Haushalter,9,385,1740,4,1,3,413,hats,Every week,Every update
Lori Olson,5,2,644,1,4,4,144,shirt,Every 2 days,Every update
Luke Foster,7,22,3931,1,2,1,121,tracksuits,Every 2 days,Every update
Luke Schmidt,6,96,1010,3,3,4,334,hoodies,Every 2 weeks,Updates on interest
Luke Weiss,7,21,5420,1,2,1,121,hoodies,Every 2 days,Every update
Lycoris Saunders,3,777,368,4,4,4,444,tracksuits,Once a month,No updates
Lynn Smith,6,34,1007,2,3,4,234,formals,Every 2 weeks,Updates on interest
Magdelene Morse,4,168,1315,3,4,3,343,oversize,Every 2 weeks,Updates on interest
Marc Crier,8,76,2727,3,2,2,322,tracksuits,Every 2 weeks,Updates on interest
Marc Harrigan,6,119,2394,3,3,2,332,hoodies,Every 2 weeks,Updates on interest
Maria Bertelson,10,48,1548,2,1,3,213,hoodies,Every week,Every update
Maria Etezadi,10,42,10663,2,1,1,211,hats,Every 2 days,Every update
Maria Zettner,4,30,594,1,4,4,144,shoes,Every 2 days,Every update
Maribeth Dona,7,117,3766,3,2,2,322,formals,Every 2 weeks,Updates on interest
Maribeth Schnelling,10,273,7443,4,1,1,411,shirt,Every 2 days,Every update
Maribeth Yedwab,7,29,2254,1,2,3,123,tracksuits,Every 2 days,Every update
Marina Lichtenstein,9,69,2723,2,1,2,212,shirt,Every week,Every update
Maris LaWare,6,54,2922,2,3,2,232,tracksuits,Every 2 weeks,Updates on interest
Mark Cousins,5,399,4432,4,4,1,441,joggers,Every 2 days,Every update
Mark Haberlin,4,376,401,4,4,4,444,hoodies,Once a month,No updates
Mark Hamilton,8,85,2456,3,2,2,322,shoes,Every 2 weeks,Updates on interest
Mark Packer,7,719,3206,4,2,2,422,hats,Every 2 weeks,Updates on interest
Mark Van Huff,9,27,1562,1,1,3,113,shoes,Every 2 days,Every update
Mary O'Rourke,4,72,922,2,4,4,244,shoes,Every 2 weeks,Updates on interest
Mary Zewe,6,282,2565,4,3,2,432,shoes,Every 2 weeks,Updates on interest
MaryBeth Skach,4,434,475,4,4,4,444,shirt,Once a month,No updates
Mathew Reese,4,125,640,3,4,4,344,tracksuits,Every 2 weeks,Updates on interest
Matt Abelman,11,64,4300,2,1,1,211,trendy sections,Every 2 days,Every update
Matt Collins,8,27,1304,1,2,3,123,joggers,Every 2 days,Every update
Matt Collister,6,51,2426,2,3,2,232,jeans,Every 2 weeks,Updates on interest
Matt Connell,8,112,2258,3,2,2,322,shoes,Every 2 weeks,Updates on interest
Matt Hagelstein,4,155,1253,3,4,3,343,oversize,Every 2 weeks,Updates on interest
Matthew Clasen,4,189,795,4,4,4,444,shirt,Once a month,No updates
Matthew Grinstein,7,29,3784,1,2,2,122,formals,Every 2 days,Every update
Maureen Fritzler,5,421,936,4,4,4,444,hats,Once a month,No updates
Maureen Gastineau,4,92,2350,3,4,2,342,jeans,Every 2 weeks,Updates on interest
Maureen Gnade,3,555,1343,4,4,3,443,trendy sections,Every 2 weeks,Updates on interest
Maurice Satty,6,413,1613,4,3,3,433,oversize,Every 2 weeks,Updates on interest
Max Engle,8,28,1909,1,2,3,123,trendy sections,Every 2 days,Every update
Max Jones,7,22,6321,1,2,1,121,jeans,Every 2 days,Every update
Max Ludwig,7,29,2072,1,2,3,123,shoes,Every 2 days,Every update
Maxwell Schwartz,9,121,3145,3,1,2,312,oversize,Every week,Every update
Maya Herman,7,98,2203,3,2,3,323,trendy sections,Every 2 weeks,Updates on interest
Meg O'Connel,8,104,1686,3,2,3,323,hats,Every 2 weeks,Updates on interest
Meg Tillman,6,49,2889,2,3,2,232,tracksuits,Every 2 weeks,Updates on interest
Melanie Seite,4,452,371,4,4,4,444,hoodies,Once a month,No updates
Michael Chen,7,1,3807,1,2,1,121,tracksuits,Every 2 days,Every update
Michael Dominguez,5,36,1205,2,4,3,243,jeans,Every 2 weeks,Updates on interest
Michael Grace,5,116,1241,3,4,3,343,shirt,Every 2 weeks,Updates on interest
Michael Granlund,9,99,777,3,1,4,314,hoodies,Every week,Every update
Michael Kennedy,8,28,2302,1,2,2,122,joggers,Every 2 days,Every update
Michael Moore,11,7,3794,1,1,1,111,hats,Every 2 days,Every update
Michael Nguyen,6,34,2477,2,3,2,232,joggers,Every 2 weeks,Updates on interest
Michael Oakman,2,180,154,3,4,4,344,oversize,Every 2 weeks,Updates on interest
Michael Paige,9,72,3983,2,1,1,211,hoodies,Every 2 days,Every update
Michael Stewart,6,26,855,1,3,4,134,joggers,Every 2 days,Every update
Michelle Arnett,6,186,2453,4,3,2,432,joggers,Every 2 weeks,Updates on interest
Michelle Ellison,4,92,1257,3,4,3,343,trendy sections,Every 2 weeks,Updates on interest
Michelle Huthwaite,5,49,2986,2,4,2,242,tracksuits,Every 2 weeks,Updates on interest
Michelle Lonsdale,3,79,742,3,4,4,344,trendy sections,Every 2 weeks,Updates on interest
Michelle Moray,8,61,2750,2,2,2,222,hoodies,Every 2 weeks,Updates on interest
Michelle Tran,4,203,1320,4,4,3,443,hoodies,Every 2 weeks,Updates on interest
Mick Brown,7,44,1429,2,2,3,223,jeans,Every 2 weeks,Updates on interest
Mick Crebagga,10,41,2220,2,1,3,213,trendy sections,Every week,Every update
Mick Hernandez,9,5,5503,1,1,1,111,polo,Every 2 days,Every update
Mike Caudle,5,369,1582,4,4,3,443,formals,Every 2 weeks,Updates on interest
Mike Gockenbach,4,84,3062,3,4,2,342,tracksuits,Every 2 weeks,Updates on interest
Mike Kennedy,4,240,1032,4,4,4,444,hoodies,Once a month,No updates
Mike Pelletier,9,16,5089,1,1,1,111,jeans,Every 2 days,Every update
Mike Vittorini,7,19,1735,1,2,3,123,trendy sections,Every 2 days,Every update
Mitch Gastineau,1,264,17,4,4,4,444,tracksuits,Once a month,No updates
Mitch Webber,7,17,5341,1,2,1,121,trendy sections,Every 2 days,Every update
Mitch Willingham,2,44,5254,2,4,1,241,joggers,Every 2 days,Every update
Monica Federle,5,7,1758,1,4,3,143,jeans,Every 2 days,Every update
Muhammed Lee,2,100,162,3,4,4,344,tracksuits,Every 2 weeks,Updates on interest
Muhammed MacIntyre,9,85,775,3,1,4,314,shoes,Every week,Every update
Muhammed Yedwab,11,71,4154,2,1,1,211,oversize,Every 2 days,Every update
Nancy Lomonaco,4,58,1419,2,4,3,243,oversize,Every 2 weeks,Updates on interest
Naresj Patel,6,25,5530,1,3,1,131,tracksuits,Every 2 days,Every update
Nat Carroll,5,224,2462,4,4,2,442,trendy sections,Every 2 weeks,Updates on interest
Nat Gilpin,5,48,1871,2,4,3,243,jeans,Every 2 weeks,Updates on interest
Natalie DeCherney,9,27,4326,1,1,1,111,formals,Every 2 days,Every update
Natalie Fritzler,7,79,8321,3,2,1,321,oversize,Every 2 days,Every update
Natalie Webber,7,172,7234,3,2,1,321,jeans,Every 2 days,Every update
Nathan Cano,6,41,2218,2,3,3,233,oversize,Every 2 weeks,Updates on interest
Nathan Gelder,5,48,1396,2,4,3,243,joggers,Every 2 weeks,Updates on interest
Nathan Mautz,7,160,6460,3,2,1,321,trendy sections,Every 2 days,Every update
Neil Ducich,6,183,2894,3,3,2,332,joggers,Every 2 weeks,Updates on interest
Neil Franzsisch,4,525,377,4,4,4,444,oversize,Once a month,No updates
Neil Knudson,7,70,572,2,2,4,224,shoes,Every 2 weeks,Updates on interest
Neola Schneider,4,6,2576,1,4,2,142,shoes,Every 2 days,Every update
Neoma Murray,10,244,2163,4,1,3,413,joggers,Every week,Every update
Nick Crebassa,7,6,8241,1,2,1,121,shoes,Every 2 days,Every update
Nick Radford,5,210,2368,4,4,2,442,oversize,Every 2 weeks,Updates on interest
Nick Zandusky,9,85,2488,3,1,2,312,tracksuits,Every week,Every update
Nicole Brennan,2,1166,274,4,4,4,444,joggers,Once a month,No updates
Nicole Fjeld,7,114,2031,3,2,3,323,formals,Every 2 weeks,Updates on interest
Nicole Hansen,7,189,2673,4,2,2,422,formals,Every 2 weeks,Updates on interest
Noah Childs,5,204,1821,4,4,3,443,shirt,Every 2 weeks,Updates on interest
Noel Staavos,13,174,2965,3,1,2,312,trendy sections,Every week,Every update
Nona Balk,9,19,1971,1,1,3,113,shoes,Every 2 days,Every update
Nora Paige,5,58,3909,2,4,1,241,shoes,Every 2 days,Every update
Nora Pelletier,6,406,1229,4,3,3,433,hoodies,Every 2 weeks,Updates on interest
Nora Preis,7,138,7903,3,2,1,321,polo,Every 2 days,Every update
Odella Nelson,9,410,1567,4,1,3,413,joggers,Every week,Every update
Olvera Toch,5,65,3819,2,4,1,241,hats,Every 2 days,Every update
Pamela Coakley,4,2,1832,1,4,3,143,shoes,Every 2 days,Every update
Pamela Stobb,6,107,2182,3,3,3,333,trendy sections,Every 2 weeks,Updates on interest
Parhena Norris,8,30,1467,1,2,3,123,shirt,Every 2 days,Every update
Patricia Hirasaki,1,70,730,2,4,4,244,formals,Every 2 weeks,Updates on interest
Patrick Bzostek,3,25,740,1,4,4,144,shoes,Every 2 days,Every update
Patrick Gardner,13,36,3087,2,1,2,212,shirt,Every week,Every update
Patrick Jones,8,39,1219,2,2,3,223,oversize,Every 2 weeks,Updates on interest
Patrick O'Brill,11,4,7474,1,1,1,111,oversize,Every 2 days,Every update
Patrick O'Donnell,7,0,2494,1,2,2,122,polo,Every 2 days,Every update
Patrick Ryan,5,36,1840,2,4,3,243,tracksuits,Every 2 weeks,Updates on interest
Paul Gonzalez,9,57,1988,2,1,3,213,hats,Every week,Every update
Paul Knutson,2,483,1441,4,4,3,443,hoodies,Every 2 weeks,Updates on interest
Paul Lucas,5,15,240,1,4,4,144,polo,Every 2 days,Every update
Paul MacIntyre,3,386,1406,4,4,3,443,jeans,Every 2 weeks,Updates on interest
Paul Prost,10,97,7254,3,1,1,311,hoodies,Every 2 days,Every update
Paul Stevenson,8,69,1278,2,2,3,223,joggers,Every 2 weeks,Updates on interest
Paul Van Hugh,5,89,2876,3,4,2,342,trendy sections,Every 2 weeks,Updates on interest
Pauline Chand,2,882,1062,4,4,4,444,jeans,Once a month,No updates
Pauline Johnson,7,134,1824,3,2,3,323,jeans,Every 2 weeks,Updates on interest
Pauline Webber,10,46,3455,2,1,2,212,polo,Every week,Every update
Penelope Sewall,7,236,6843,4,2,1,421,tracksuits,Every 2 days,Every update
Pete Armstrong,6,103,730,3,3,4,334,polo,Every 2 weeks,Updates on interest
Pete Kriz,12,9,8647,1,1,1,111,joggers,Every 2 days,Every update
Pete Takahito,4,71,160,2,4,4,244,formals,Every 2 weeks,Updates on interest
Peter Bhler,4,57,689,2,4,4,244,shoes,Every 2 weeks,Updates on interest
Peter Fuller,4,835,9063,4,4,1,441,shoes,Every 2 days,Every update
Peter McVee,4,51,4115,2,4,1,241,tracksuits,Every 2 days,Every update
Philip Brown,8,97,1456,3,2,3,323,joggers,Every 2 weeks,Updates on interest
Philip Fox,6,196,2770,4,3,2,432,tracksuits,Every 2 weeks,Updates on interest
Philisse Overcash,9,160,4893,3,1,1,311,shirt,Every 2 days,Every update
Phillina Ober,5,86,1056,3,4,4,344,shoes,Every 2 weeks,Updates on interest
Phillip Breyer,2,688,133,4,4,4,444,jeans,Once a month,No updates
Phillip Flathmann,5,114,2207,3,4,3,343,hats,Every 2 weeks,Updates on interest
Pierre Wener,7,464,3922,4,2,1,421,trendy sections,Every 2 days,Every update
Quincy Jones,9,25,6109,1,1,1,111,joggers,Every 2 days,Every update
Rachel Payne,4,496,954,4,4,4,444,hoodies,Once a month,No updates
Ralph Arnett,9,5,2618,1,1,2,112,tracksuits,Every 2 days,Every update
Ralph Kennedy,3,119,1460,3,4,3,343,trendy sections,Every 2 weeks,Updates on interest
Ralph Ritter,2,19,616,1,4,4,144,hoodies,Every 2 days,Every update
Randy Bradley,2,68,1008,2,4,4,244,trendy sections,Every 2 weeks,Updates on interest
Randy Ferguson,8,390,3310,4,2,2,422,hats,Every 2 weeks,Updates on interest
Raymond Buch,6,96,15117,3,3,1,331,hoodies,Every 2 days,Every update
Raymond Messe,6,345,1453,4,3,3,433,polo,Every 2 weeks,Updates on interest
Resi Plking,12,33,5154,2,1,1,211,oversize,Every 2 days,Every update
Ricardo Emerson,1,1098,48,4,4,4,444,polo,Once a month,No updates
Ricardo Sperren,5,76,3221,3,4,2,342,shoes,Every 2 weeks,Updates on interest
Richard Bierner,8,19,2664,1,2,2,122,oversize,Every 2 days,Every update
Richard Eichhorn,5,302,877,4,4,4,444,polo,Once a month,No updates
Rick Bensley,12,9,4716,1,1,1,111,oversize,Every 2 days,Every update
Rick Duston,8,72,4272,2,2,1,221,formals,Every 2 days,Every update
Rick Hansen,5,32,3622,2,4,2,242,oversize,Every 2 weeks,Updates on interest
Rick Huthwaite,6,467,6978,4,3,1,431,jeans,Every 2 days,Every update
Rick Reed,6,170,3301,3,3,2,332,tracksuits,Every 2 weeks,Updates on interest
Rick Wilson,7,120,7398,3,2,1,321,tracksuits,Every 2 days,Every update
Ritsa Hightower,2,519,740,4,4,4,444,jeans,Once a month,No updates
Rob Beeghly,5,25,529,1,4,4,144,trendy sections,Every 2 days,Every update
Rob Dowd,10,180,2914,3,1,2,312,shirt,Every week,Every update
Rob Haberlin,3,534,2086,4,4,3,443,trendy sections,Every 2 weeks,Updates on interest
Rob Lucas,8,121,6236,3,2,1,321,hoodies,Every 2 days,Every update
Rob Williams,9,89,3279,3,1,2,312,hoodies,Every week,Every update
Robert Barroso,5,648,222,4,4,4,444,oversize,Once a month,No updates
Robert Dilbeck,5,114,2787,3,4,2,342,polo,Every 2 weeks,Updates on interest
Robert Marley,5,6,5979,1,4,1,141,polo,Every 2 days,Every update
Robert Waldorf,5,79,3496,3,4,2,342,tracksuits,Every 2 weeks,Updates on interest
Roger Barcio,4,54,2068,2,4,3,243,joggers,Every 2 weeks,Updates on interest
Roger Demir,10,21,1420,1,1,3,113,trendy sections,Every 2 days,Every update
Roland Fjeld,7,89,2342,3,2,2,322,formals,Every 2 weeks,Updates on interest
Roland Murray,1,299,98,4,4,4,444,shoes,Once a month,No updates
Roland Schwarz,8,36,4160,2,2,1,221,hats,Every 2 days,Every update
Rose O'Brian,7,35,3816,2,2,1,221,polo,Every 2 days,Every update
Ross Baird,8,32,5633,2,2,1,221,hats,Every 2 days,Every update
Ross DeVincentis,8,14,1136,1,2,4,124,oversize,Every 2 days,Every update
Roy Collins,6,369,967,4,3,4,434,hats,Every 2 weeks,Updates on interest
Roy Franzsisch,8,6,945,1,2,4,124,shoes,Every 2 days,Every update
Roy Phan,8,28,2170,1,2,3,123,jeans,Every 2 days,Every update
Roy Skaria,2,19,23,1,4,4,144,shoes,Every 2 days,Every update
Ruben Ausman,7,43,3833,2,2,1,221,hats,Every 2 days,Every update
Ruben Dartt,9,114,3134,3,1,2,312,shoes,Every week,Every update
Russell Applegate,9,12,4793,1,1,1,111,shirt,Every 2 days,Every update
Russell D'Ascenzo,4,42,971,2,4,4,244,oversize,Every 2 weeks,Updates on interest
Ryan Akin,5,61,1686,2,4,3,243,trendy sections,Every 2 weeks,Updates on interest
Ryan Crowe,6,110,887,3,3,4,334,jeans,Every 2 weeks,Updates on interest
Sally Hughsby,13,29,3408,1,1,2,112,formals,Every 2 days,Every update
Sally Knutson,3,8,884,1,4,4,144,polo,Every 2 days,Every update
Sally Matthias,4,421,244,4,4,4,444,hoodies,Once a month,No updates
Sam Craven,5,781,3364,4,4,2,442,trendy sections,Every 2 weeks,Updates on interest
Sam Zeldin,11,35,3627,2,1,2,212,hoodies,Every week,Every update
Sample Company A,9,40,4625,2,1,1,211,oversize,Every 2 days,Every update
Sandra Flanagan,7,59,764,2,2,4,224,jeans,Every 2 weeks,Updates on interest
Sandra Glassco,3,8,3406,1,4,2,142,tracksuits,Every 2 days,Every update
Sanjit Chand,9,349,14143,4,1,1,411,polo,Every 2 days,Every update
Sanjit Engle,11,9,12210,1,1,1,111,shirt,Every 2 days,Every update
Sanjit Jacobs,12,95,3949,3,1,1,311,tracksuits,Every 2 days,Every update
Saphhira Shifley,8,15,1324,1,2,3,123,oversize,Every 2 days,Every update
Sara Luxemburg,7,70,3053,2,2,2,222,trendy sections,Every 2 weeks,Updates on interest
Sarah Bern,3,201,1349,4,4,3,443,shirt,Every 2 weeks,Updates on interest
Sarah Brown,6,188,6412,4,3,1,431,shoes,Every 2 days,Every update
Sarah Foster,9,59,3424,2,1,2,212,hats,Every week,Every update
Sarah Jordon,6,29,1341,1,3,3,133,shirt,Every 2 days,Every update
Scot Coram,4,149,4372,3,4,1,341,formals,Every 2 days,Every update
Scot Wooten,7,81,1085,3,2,4,324,oversize,Every 2 weeks,Updates on interest
Scott Cohen,8,187,3730,4,2,2,422,joggers,Every 2 weeks,Updates on interest
Scott Williamson,6,30,1966,1,3,3,133,hats,Every 2 days,Every update
Sean Braxton,7,47,8058,2,2,1,221,hoodies,Every 2 days,Every update
Sean Christensen,7,29,3980,1,2,1,121,polo,Every 2 days,Every update
Sean Miller,5,79,25042,3,4,1,341,hoodies,Every 2 days,Every update
Sean O'Donnell,6,29,2603,1,3,2,132,shirt,Every 2 days,Every update
Sean Wendt,3,162,1019,3,4,4,344,hoodies,Every 2 weeks,Updates on interest
Seth Vernon,10,101,11471,3,1,1,311,formals,Every 2 days,Every update
Shahid Collister,9,30,5993,1,1,1,111,oversize,Every 2 days,Every update
Shahid Hopkins,10,23,2181,1,1,3,113,shoes,Every 2 days,Every update
Shahid Shariari,6,110,3057,3,3,2,332,trendy sections,Every 2 weeks,Updates on interest
Sharelle Roach,5,8,3233,1,4,2,142,polo,Every 2 days,Every update
Shaun Chance,7,36,1875,2,2,3,223,formals,Every 2 weeks,Updates on interest
Shaun Weien,7,162,2923,3,2,2,322,formals,Every 2 weeks,Updates on interest
Sheri Gordon,8,183,1885,3,2,3,323,hoodies,Every 2 weeks,Updates on interest
Shirley Daniels,9,200,6122,4,1,1,411,hoodies,Every 2 days,Every update
Shirley Jackson,5,253,1319,4,4,3,443,shirt,Every 2 weeks,Updates on interest
Shirley Schmidt,3,491,613,4,4,4,444,trendy sections,Once a month,No updates
Shui Tom,7,125,432,3,2,4,324,tracksuits,Every 2 weeks,Updates on interest
Sibella Parks,6,327,1307,4,3,3,433,hoodies,Every 2 weeks,Updates on interest
Skye Norling,6,111,1860,3,3,3,333,oversize,Every 2 weeks,Updates on interest
Sonia Cooley,5,92,902,3,4,4,344,joggers,Every 2 weeks,Updates on interest
Sonia Sunley,6,432,418,4,3,4,434,polo,Every 2 weeks,Updates on interest
Speros Goranitis,6,108,3125,3,3,2,332,hoodies,Every 2 weeks,Updates on interest
Stefania Perrino,9,47,5442,2,1,1,211,oversize,Every 2 days,Every update
Stefanie Holloman,2,765,2096,4,4,3,443,oversize,Every 2 weeks,Updates on interest
Stephanie Phelps,9,386,1873,4,1,3,413,polo,Every week,Every update
Stephanie Ulpright,7,20,2595,1,2,2,122,tracksuits,Every 2 days,Every update
Steve Carroll,6,126,1255,3,3,3,333,oversize,Every 2 weeks,Updates on interest
Steve Chapman,10,89,2578,3,1,2,312,joggers,Every week,Every update
Steve Nguyen,7,79,3129,3,2,2,322,oversize,Every 2 weeks,Updates on interest
Steven Cartwright,11,187,5225,4,1,1,411,oversize,Every 2 days,Every update
Steven Roelle,8,196,4346,4,2,1,421,oversize,Every 2 days,Every update
Steven Ward,2,534,759,4,4,4,444,shoes,Once a month,No updates
Stewart Carmichael,7,41,4493,2,2,1,221,shoes,Every 2 days,Every update
Stewart Visinsky,9,320,4104,4,1,1,411,tracksuits,Every 2 days,Every update
Stuart Calhoun,4,30,278,1,4,4,144,hoodies,Every 2 days,Every update
Stuart Van,4,76,1271,3,4,3,343,oversize,Every 2 weeks,Updates on interest
Sue Ann Reed,10,63,4766,2,1,1,211,trendy sections,Every 2 days,Every update
Sung Chung,2,131,281,3,4,4,344,hoodies,Every 2 weeks,Updates on interest
Sung Pak,10,79,4283,3,1,1,311,tracksuits,Every 2 days,Every update
Sung Shariari,5,120,965,3,4,4,344,jeans,Every 2 weeks,Updates on interest
Susan Gilcrest,3,226,49,4,4,4,444,hoodies,Once a month,No updates
Susan MacKendrick,1,606,1043,4,4,4,444,hoodies,Once a month,No updates
Susan Pistek,6,70,3991,2,3,1,231,hats,Every 2 days,Every update
Susan Vittorini,8,2,1904,1,2,3,123,shirt,Every 2 days,Every update
Suzanne McNair,12,25,5565,1,1,1,111,hats,Every 2 days,Every update
Sylvia Foulston,9,48,3336,2,1,2,212,joggers,Every week,Every update
Tamara Chand,5,399,19052,4,4,1,441,shoes,Every 2 days,Every update
Tamara Dahlen,9,37,1435,2,1,3,213,shoes,Every week,Every update
Tamara Manning,8,103,2955,3,2,2,322,shirt,Every 2 weeks,Updates on interest
Tamara Willingham,7,64,5279,2,2,1,221,polo,Every 2 days,Every update
Tanja Norvell,7,90,3130,3,2,2,322,polo,Every 2 weeks,Updates on interest
Ted Butterfield,5,119,1469,3,4,3,343,tracksuits,Every 2 weeks,Updates on interest
Ted Trevino,7,31,4915,2,2,1,221,formals,Every 2 days,Every update
Thais Sissman,2,357,5,4,4,4,444,shirt,Once a month,No updates
Thea Hendricks,5,344,2424,4,4,2,442,hoodies,Every 2 weeks,Updates on interest
Thea Hudgings,4,58,2943,2,4,2,242,polo,Every 2 weeks,Updates on interest
Theone Pippenger,9,8,4455,1,1,1,111,oversize,Every 2 days,Every update
Theresa Coyne,1,106,1038,3,4,4,344,formals,Every 2 weeks,Updates on interest
Theresa Swint,6,504,2163,4,3,3,433,trendy sections,Every 2 weeks,Updates on interest
Thomas Boland,4,58,3589,2,4,2,242,hoodies,Every 2 weeks,Updates on interest
Thomas Brumley,4,49,816,2,4,4,244,joggers,Every 2 weeks,Updates on interest
Thomas Seio,7,198,5372,4,2,1,421,oversize,Every 2 days,Every update
Thomas Thornton,8,183,1428,3,2,3,323,oversize,Every 2 weeks,Updates on interest
Tiffany House,8,117,1021,3,2,4,324,shirt,Every 2 weeks,Updates on interest
Tim Brockman,7,349,1603,4,2,3,423,formals,Every 2 weeks,Updates on interest
Tim Taslimi,3,406,439,4,4,4,444,tracksuits,Once a month,No updates
Toby Braunhardt,6,583,2197,4,3,3,433,joggers,Every 2 weeks,Updates on interest
Toby Carlisle,8,27,4266,1,2,1,121,polo,Every 2 days,Every update
Toby Gnade,5,337,3059,4,4,2,442,shirt,Every 2 weeks,Updates on interest
Toby Ritter,5,193,676,4,4,4,444,polo,Once a month,No updates
Toby Swindell,5,226,976,4,4,4,444,shirt,Once a month,No updates
Todd Boyes,5,146,834,3,4,4,344,shirt,Every 2 weeks,Updates on interest
Todd Sumrall,6,36,11892,2,3,1,231,shirt,Every 2 days,Every update
Tom Ashbrook,4,69,14595,2,4,1,241,formals,Every 2 days,Every update
Tom Boeckenhauer,7,202,9133,4,2,1,421,tracksuits,Every 2 days,Every update
Tom Prescott,5,104,5330,3,4,1,341,shirt,Every 2 days,Every update
Tom Stivers,5,172,2054,3,4,3,343,jeans,Every 2 weeks,Updates on interest
Tonja Turnell,7,12,5365,1,2,1,121,trendy sections,Every 2 days,Every update
Tony Chapman,9,153,1244,3,1,3,313,polo,Every week,Every update
Tony Molinari,3,130,1095,3,4,4,344,hoodies,Every 2 weeks,Updates on interest
Tony Sayre,6,11,2243,1,3,3,133,hats,Every 2 days,Every update
Tracy Blumstein,9,107,4737,3,1,1,311,joggers,Every 2 days,Every update
Tracy Collins,7,4,743,1,2,4,124,shoes,Every 2 days,Every update
Tracy Hopkins,7,72,4233,2,2,1,221,tracksuits,Every 2 days,Every update
Tracy Poddar,4,350,1937,4,4,3,443,hoodies,Every 2 weeks,Updates on interest
Tracy Zic,4,35,1707,2,4,3,243,oversize,Every 2 weeks,Updates on interest
Troy Blackwell,5,285,1387,4,4,3,443,jeans,Every 2 weeks,Updates on interest
Troy Staebel,7,55,2821,2,2,2,222,shoes,Every 2 weeks,Updates on interest
Trudy Brown,9,30,2798,1,1,2,112,hats,Every 2 days,Every update
Trudy Glocke,4,114,2075,3,4,3,343,hoodies,Every 2 weeks,Updates on interest
Trudy Schmidt,5,238,3368,4,4,2,442,shoes,Every 2 weeks,Updates on interest
Valerie Dominguez,6,581,6442,4,3,1,431,hoodies,Every 2 days,Every update
Valerie Mitchum,7,54,2455,2,2,2,222,jeans,Every 2 weeks,Updates on interest
Valerie Takahito,2,1000,1736,4,4,3,443,hats,Every 2 weeks,Updates on interest
Vicky Freymann,5,13,849,1,4,4,144,oversize,Every 2 days,Every update
Victor Preis,3,30,994,1,4,4,144,shirt,Every 2 days,Every update
Victoria Brennan,6,54,2006,2,3,3,233,polo,Every 2 weeks,Updates on interest
Victoria Pisteka,7,75,3361,2,2,2,222,oversize,Every 2 weeks,Updates on interest
Victoria Wilson,10,28,6134,1,1,1,111,shirt,Every 2 days,Every update
Vivek Gonzalez,6,154,846,3,3,4,334,formals,Every 2 weeks,Updates on interest
Vivek Grady,5,286,427,4,4,4,444,formals,Once a month,No updates
Vivek Sundaresam,4,221,1055,4,4,4,444,formals,Once a month,No updates
Vivian Mathis,5,117,381,3,4,4,344,tracksuits,Every 2 weeks,Updates on interest
William Brown,11,20,6159,1,1,1,111,trendy sections,Every 2 days,Every update
Xylona Preis,11,43,2375,2,1,2,212,joggers,Every week,Every update
Yana Sorensen,8,9,6721,1,2,1,121,joggers,Every 2 days,Every update
Yoseph Carroll,5,4,5455,1,4,1,141,formals,Every 2 days,Every update
Zuschuss Carroll,13,54,8027,2,1,1,211,polo,Every 2 days,Every update
Zuschuss Donatelli,5,202,1494,4,4,3,443,hats,Every 2 weeks,Updates on interest
